2026-05-08 10:02:57,031 | INFO | Found 88 user files from ./raw_kmt_dataset (true_data only, sequence_break=10.0s, session_break=30.0s)
2026-05-08 10:02:57,031 | INFO | Processing user 1/88: raw_kmt_user_0001.json
2026-05-08 10:02:57,079 | INFO | Rows from raw_kmt_user_0001.json: 171; fitting 4 models x 6 features
2026-05-08 10:02:57,125 | INFO | Processing user 2/88: raw_kmt_user_0002.json
2026-05-08 10:02:57,276 | INFO | Rows from raw_kmt_user_0002.json: 335; fitting 4 models x 6 features
2026-05-08 10:02:57,334 | INFO | Processing user 3/88: raw_kmt_user_0003.json
2026-05-08 10:02:57,538 | INFO | Rows from raw_kmt_user_0003.json: 504; fitting 4 models x 6 features
2026-05-08 10:02:57,586 | INFO | Processing user 4/88: raw_kmt_user_0004.json
2026-05-08 10:02:57,722 | INFO | Rows from raw_kmt_user_0004.json: 309; fitting 4 models x 6 features
2026-05-08 10:02:57,767 | INFO | Processing user 5/88: raw_kmt_user_0005.json
2026-05-08 10:02:57,926 | INFO | Rows from raw_kmt_user_0005.json: 447; fitting 4 models x 6 features
2026-05-08 10:02:57,969 | INFO | Processing user 6/88: raw_kmt_user_0006.json
2026-05-08 10:02:58,054 | INFO | Rows from raw_kmt_user_0006.json: 313; fitting 4 models x 6 features
2026-05-08 10:02:58,097 | INFO | Processing user 7/88: raw_kmt_user_0007.json
2026-05-08 10:02:58,215 | INFO | Rows from raw_kmt_user_0007.json: 393; fitting 4 models x 6 features
2026-05-08 10:02:58,260 | INFO | Processing user 8/88: raw_kmt_user_0008.json
2026-05-08 10:02:58,318 | INFO | Rows from raw_kmt_user_0008.json: 198; fitting 4 models x 6 features
2026-05-08 10:02:58,358 | INFO | Processing user 9/88: raw_kmt_user_0009.json
2026-05-08 10:02:58,453 | INFO | Rows from raw_kmt_user_0009.json: 410; fitting 4 models x 6 features
2026-05-08 10:02:58,495 | INFO | Processing user 10/88: raw_kmt_user_0010.json
2026-05-08 10:02:58,653 | INFO | Rows from raw_kmt_user_0010.json: 346; fitting 4 models x 6 features
2026-05-08 10:02:58,710 | INFO | Processing user 11/88: raw_kmt_user_0011.json
2026-05-08 10:02:58,762 | INFO | Rows from raw_kmt_user_0011.json: 217; fitting 4 models x 6 features
2026-05-08 10:02:58,807 | INFO | Processing user 12/88: raw_kmt_user_0012.json
2026-05-08 10:02:58,942 | INFO | Rows from raw_kmt_user_0012.json: 376; fitting 4 models x 6 features
2026-05-08 10:02:58,991 | INFO | Processing user 13/88: raw_kmt_user_0013.json
2026-05-08 10:02:59,134 | INFO | Rows from raw_kmt_user_0013.json: 466; fitting 4 models x 6 features
2026-05-08 10:02:59,173 | INFO | Processing user 14/88: raw_kmt_user_0014.json
2026-05-08 10:02:59,369 | INFO | Rows from raw_kmt_user_0014.json: 447; fitting 4 models x 6 features
2026-05-08 10:02:59,427 | INFO | Processing user 15/88: raw_kmt_user_0015.json
2026-05-08 10:02:59,564 | INFO | Rows from raw_kmt_user_0015.json: 461; fitting 4 models x 6 features
2026-05-08 10:02:59,608 | INFO | Processing user 16/88: raw_kmt_user_0016.json
2026-05-08 10:02:59,808 | INFO | Rows from raw_kmt_user_0016.json: 781; fitting 4 models x 6 features
2026-05-08 10:02:59,854 | INFO | Processing user 17/88: raw_kmt_user_0017.json
2026-05-08 10:02:59,984 | INFO | Rows from raw_kmt_user_0017.json: 541; fitting 4 models x 6 features
2026-05-08 10:03:00,025 | INFO | Processing user 18/88: raw_kmt_user_0018.json
2026-05-08 10:03:00,240 | INFO | Rows from raw_kmt_user_0018.json: 941; fitting 4 models x 6 features
2026-05-08 10:03:00,275 | INFO | Processing user 19/88: raw_kmt_user_0019.json
2026-05-08 10:03:00,437 | INFO | Rows from raw_kmt_user_0019.json: 669; fitting 4 models x 6 features
2026-05-08 10:03:00,471 | INFO | Processing user 20/88: raw_kmt_user_0020.json
2026-05-08 10:03:00,583 | INFO | Rows from raw_kmt_user_0020.json: 489; fitting 4 models x 6 features
2026-05-08 10:03:00,619 | INFO | Processing user 21/88: raw_kmt_user_0021.json
2026-05-08 10:03:00,745 | INFO | Rows from raw_kmt_user_0021.json: 371; fitting 4 models x 6 features
2026-05-08 10:03:00,782 | INFO | Processing user 22/88: raw_kmt_user_0022.json
2026-05-08 10:03:00,865 | INFO | Rows from raw_kmt_user_0022.json: 352; fitting 4 models x 6 features
2026-05-08 10:03:00,898 | INFO | Processing user 23/88: raw_kmt_user_0023.json
2026-05-08 10:03:00,953 | INFO | Rows from raw_kmt_user_0023.json: 203; fitting 4 models x 6 features
2026-05-08 10:03:00,990 | INFO | Processing user 24/88: raw_kmt_user_0024.json
2026-05-08 10:03:01,075 | INFO | Rows from raw_kmt_user_0024.json: 451; fitting 4 models x 6 features
2026-05-08 10:03:01,115 | INFO | Processing user 25/88: raw_kmt_user_0025.json
2026-05-08 10:03:01,186 | INFO | Rows from raw_kmt_user_0025.json: 279; fitting 4 models x 6 features
2026-05-08 10:03:01,218 | INFO | Processing user 26/88: raw_kmt_user_0026.json
2026-05-08 10:03:01,326 | INFO | Rows from raw_kmt_user_0026.json: 395; fitting 4 models x 6 features
2026-05-08 10:03:01,365 | INFO | Processing user 27/88: raw_kmt_user_0027.json
2026-05-08 10:03:01,460 | INFO | Rows from raw_kmt_user_0027.json: 359; fitting 4 models x 6 features
2026-05-08 10:03:01,494 | INFO | Processing user 28/88: raw_kmt_user_0028.json
2026-05-08 10:03:01,599 | INFO | Rows from raw_kmt_user_0028.json: 386; fitting 4 models x 6 features
2026-05-08 10:03:01,631 | INFO | Processing user 29/88: raw_kmt_user_0029.json
2026-05-08 10:03:01,713 | INFO | Rows from raw_kmt_user_0029.json: 381; fitting 4 models x 6 features
2026-05-08 10:03:01,743 | INFO | Processing user 30/88: raw_kmt_user_0030.json
2026-05-08 10:03:01,866 | INFO | Rows from raw_kmt_user_0030.json: 503; fitting 4 models x 6 features
2026-05-08 10:03:01,898 | INFO | Processing user 31/88: raw_kmt_user_0031.json
2026-05-08 10:03:01,953 | INFO | Rows from raw_kmt_user_0031.json: 270; fitting 4 models x 6 features
2026-05-08 10:03:01,986 | INFO | Processing user 32/88: raw_kmt_user_0032.json
2026-05-08 10:03:02,061 | INFO | Rows from raw_kmt_user_0032.json: 346; fitting 4 models x 6 features
2026-05-08 10:03:02,094 | INFO | Processing user 33/88: raw_kmt_user_0033.json
2026-05-08 10:03:02,150 | INFO | Rows from raw_kmt_user_0033.json: 275; fitting 4 models x 6 features
2026-05-08 10:03:02,183 | INFO | Processing user 34/88: raw_kmt_user_0034.json
2026-05-08 10:03:02,242 | INFO | Rows from raw_kmt_user_0034.json: 310; fitting 4 models x 6 features
2026-05-08 10:03:02,278 | INFO | Processing user 35/88: raw_kmt_user_0035.json
2026-05-08 10:03:02,382 | INFO | Rows from raw_kmt_user_0035.json: 416; fitting 4 models x 6 features
2026-05-08 10:03:02,419 | INFO | Processing user 36/88: raw_kmt_user_0036.json
2026-05-08 10:03:02,543 | INFO | Rows from raw_kmt_user_0036.json: 491; fitting 4 models x 6 features
2026-05-08 10:03:02,580 | INFO | Processing user 37/88: raw_kmt_user_0037.json
2026-05-08 10:03:02,655 | INFO | Rows from raw_kmt_user_0037.json: 382; fitting 4 models x 6 features
2026-05-08 10:03:02,686 | INFO | Processing user 38/88: raw_kmt_user_0038.json
2026-05-08 10:03:02,776 | INFO | Rows from raw_kmt_user_0038.json: 377; fitting 4 models x 6 features
2026-05-08 10:03:02,808 | INFO | Processing user 39/88: raw_kmt_user_0039.json
2026-05-08 10:03:02,896 | INFO | Rows from raw_kmt_user_0039.json: 322; fitting 4 models x 6 features
2026-05-08 10:03:02,931 | INFO | Processing user 40/88: raw_kmt_user_0040.json
2026-05-08 10:03:03,053 | INFO | Rows from raw_kmt_user_0040.json: 395; fitting 4 models x 6 features
2026-05-08 10:03:03,082 | INFO | Processing user 41/88: raw_kmt_user_0041.json
2026-05-08 10:03:03,200 | INFO | Rows from raw_kmt_user_0041.json: 776; fitting 4 models x 6 features
2026-05-08 10:03:03,232 | INFO | Processing user 42/88: raw_kmt_user_0042.json
2026-05-08 10:03:03,299 | INFO | Rows from raw_kmt_user_0042.json: 279; fitting 4 models x 6 features
2026-05-08 10:03:03,341 | INFO | Processing user 43/88: raw_kmt_user_0043.json
2026-05-08 10:03:03,430 | INFO | Rows from raw_kmt_user_0043.json: 384; fitting 4 models x 6 features
2026-05-08 10:03:03,496 | INFO | Processing user 44/88: raw_kmt_user_0044.json
2026-05-08 10:03:03,609 | INFO | Rows from raw_kmt_user_0044.json: 333; fitting 4 models x 6 features
2026-05-08 10:03:03,672 | INFO | Processing user 45/88: raw_kmt_user_0045.json
2026-05-08 10:03:03,844 | INFO | Rows from raw_kmt_user_0045.json: 370; fitting 4 models x 6 features
2026-05-08 10:03:03,905 | INFO | Processing user 46/88: raw_kmt_user_0046.json
2026-05-08 10:03:04,049 | INFO | Rows from raw_kmt_user_0046.json: 466; fitting 4 models x 6 features
2026-05-08 10:03:04,111 | INFO | Processing user 47/88: raw_kmt_user_0047.json
2026-05-08 10:03:04,235 | INFO | Rows from raw_kmt_user_0047.json: 381; fitting 4 models x 6 features
2026-05-08 10:03:04,297 | INFO | Processing user 48/88: raw_kmt_user_0048.json
2026-05-08 10:03:04,559 | INFO | Rows from raw_kmt_user_0048.json: 708; fitting 4 models x 6 features
2026-05-08 10:03:04,620 | INFO | Processing user 49/88: raw_kmt_user_0049.json
2026-05-08 10:03:04,837 | INFO | Rows from raw_kmt_user_0049.json: 601; fitting 4 models x 6 features
2026-05-08 10:03:04,886 | INFO | Processing user 50/88: raw_kmt_user_0050.json
2026-05-08 10:03:05,022 | INFO | Rows from raw_kmt_user_0050.json: 515; fitting 4 models x 6 features
2026-05-08 10:03:05,076 | INFO | Processing user 51/88: raw_kmt_user_0051.json
2026-05-08 10:03:05,152 | INFO | Rows from raw_kmt_user_0051.json: 240; fitting 4 models x 6 features
2026-05-08 10:03:05,207 | INFO | Processing user 52/88: raw_kmt_user_0052.json
2026-05-08 10:03:05,298 | INFO | Rows from raw_kmt_user_0052.json: 392; fitting 4 models x 6 features
2026-05-08 10:03:05,341 | INFO | Processing user 53/88: raw_kmt_user_0053.json
2026-05-08 10:03:05,590 | INFO | Rows from raw_kmt_user_0053.json: 514; fitting 4 models x 6 features
2026-05-08 10:03:05,644 | INFO | Processing user 54/88: raw_kmt_user_0054.json
2026-05-08 10:03:05,739 | INFO | Rows from raw_kmt_user_0054.json: 362; fitting 4 models x 6 features
2026-05-08 10:03:05,787 | INFO | Processing user 55/88: raw_kmt_user_0055.json
2026-05-08 10:03:05,878 | INFO | Rows from raw_kmt_user_0055.json: 550; fitting 4 models x 6 features
2026-05-08 10:03:05,929 | INFO | Processing user 56/88: raw_kmt_user_0056.json
2026-05-08 10:03:06,032 | INFO | Rows from raw_kmt_user_0056.json: 691; fitting 4 models x 6 features
2026-05-08 10:03:06,087 | INFO | Processing user 57/88: raw_kmt_user_0057.json
2026-05-08 10:03:06,275 | INFO | Rows from raw_kmt_user_0057.json: 1298; fitting 4 models x 6 features
2026-05-08 10:03:06,336 | INFO | Processing user 58/88: raw_kmt_user_0058.json
2026-05-08 10:03:06,432 | INFO | Rows from raw_kmt_user_0058.json: 370; fitting 4 models x 6 features
2026-05-08 10:03:06,482 | INFO | Processing user 59/88: raw_kmt_user_0059.json
2026-05-08 10:03:06,666 | INFO | Rows from raw_kmt_user_0059.json: 811; fitting 4 models x 6 features
2026-05-08 10:03:06,723 | INFO | Processing user 60/88: raw_kmt_user_0060.json
2026-05-08 10:03:06,794 | INFO | Rows from raw_kmt_user_0060.json: 320; fitting 4 models x 6 features
2026-05-08 10:03:06,843 | INFO | Processing user 61/88: raw_kmt_user_0061.json
2026-05-08 10:03:07,049 | INFO | Rows from raw_kmt_user_0061.json: 580; fitting 4 models x 6 features
2026-05-08 10:03:07,102 | INFO | Processing user 62/88: raw_kmt_user_0062.json
2026-05-08 10:03:07,202 | INFO | Rows from raw_kmt_user_0062.json: 643; fitting 4 models x 6 features
2026-05-08 10:03:07,255 | INFO | Processing user 63/88: raw_kmt_user_0063.json
2026-05-08 10:03:07,352 | INFO | Rows from raw_kmt_user_0063.json: 1011; fitting 4 models x 6 features
2026-05-08 10:03:07,406 | INFO | Processing user 64/88: raw_kmt_user_0064.json
2026-05-08 10:03:07,491 | INFO | Rows from raw_kmt_user_0064.json: 608; fitting 4 models x 6 features
2026-05-08 10:03:07,543 | INFO | Processing user 65/88: raw_kmt_user_0065.json
2026-05-08 10:03:07,722 | INFO | Rows from raw_kmt_user_0065.json: 566; fitting 4 models x 6 features
2026-05-08 10:03:07,775 | INFO | Processing user 66/88: raw_kmt_user_0066.json
2026-05-08 10:03:08,195 | INFO | Rows from raw_kmt_user_0066.json: 1651; fitting 4 models x 6 features
2026-05-08 10:03:08,259 | INFO | Processing user 67/88: raw_kmt_user_0067.json
2026-05-08 10:03:08,430 | INFO | Rows from raw_kmt_user_0067.json: 566; fitting 4 models x 6 features
2026-05-08 10:03:08,484 | INFO | Processing user 68/88: raw_kmt_user_0068.json
2026-05-08 10:03:08,622 | INFO | Rows from raw_kmt_user_0068.json: 600; fitting 4 models x 6 features
2026-05-08 10:03:08,680 | INFO | Processing user 69/88: raw_kmt_user_0069.json
2026-05-08 10:03:08,785 | INFO | Rows from raw_kmt_user_0069.json: 313; fitting 4 models x 6 features
2026-05-08 10:03:08,838 | INFO | Processing user 70/88: raw_kmt_user_0070.json
2026-05-08 10:03:08,971 | INFO | Rows from raw_kmt_user_0070.json: 360; fitting 4 models x 6 features
2026-05-08 10:03:09,019 | INFO | Processing user 71/88: raw_kmt_user_0071.json
2026-05-08 10:03:09,202 | INFO | Rows from raw_kmt_user_0071.json: 349; fitting 4 models x 6 features
2026-05-08 10:03:09,246 | INFO | Processing user 72/88: raw_kmt_user_0072.json
2026-05-08 10:03:09,320 | INFO | Rows from raw_kmt_user_0072.json: 246; fitting 4 models x 6 features
2026-05-08 10:03:09,367 | INFO | Processing user 73/88: raw_kmt_user_0073.json
2026-05-08 10:03:09,478 | INFO | Rows from raw_kmt_user_0073.json: 295; fitting 4 models x 6 features
2026-05-08 10:03:09,526 | INFO | Processing user 74/88: raw_kmt_user_0074.json
2026-05-08 10:03:09,607 | INFO | Rows from raw_kmt_user_0074.json: 307; fitting 4 models x 6 features
2026-05-08 10:03:09,656 | INFO | Processing user 75/88: raw_kmt_user_0075.json
2026-05-08 10:03:09,801 | INFO | Rows from raw_kmt_user_0075.json: 302; fitting 4 models x 6 features
2026-05-08 10:03:09,851 | INFO | Processing user 76/88: raw_kmt_user_0076.json
2026-05-08 10:03:09,975 | INFO | Rows from raw_kmt_user_0076.json: 350; fitting 4 models x 6 features
2026-05-08 10:03:10,027 | INFO | Processing user 77/88: raw_kmt_user_0077.json
2026-05-08 10:03:10,208 | INFO | Rows from raw_kmt_user_0077.json: 780; fitting 4 models x 6 features
2026-05-08 10:03:10,273 | INFO | Processing user 78/88: raw_kmt_user_0078.json
2026-05-08 10:03:10,487 | INFO | Rows from raw_kmt_user_0078.json: 478; fitting 4 models x 6 features
2026-05-08 10:03:10,543 | INFO | Processing user 79/88: raw_kmt_user_0079.json
2026-05-08 10:03:10,720 | INFO | Rows from raw_kmt_user_0079.json: 374; fitting 4 models x 6 features
2026-05-08 10:03:10,776 | INFO | Processing user 80/88: raw_kmt_user_0080.json
2026-05-08 10:03:10,979 | INFO | Rows from raw_kmt_user_0080.json: 447; fitting 4 models x 6 features
2026-05-08 10:03:11,034 | INFO | Processing user 81/88: raw_kmt_user_0081.json
2026-05-08 10:03:11,268 | INFO | Rows from raw_kmt_user_0081.json: 862; fitting 4 models x 6 features
2026-05-08 10:03:11,319 | INFO | Processing user 82/88: raw_kmt_user_0082.json
2026-05-08 10:03:11,452 | INFO | Rows from raw_kmt_user_0082.json: 639; fitting 4 models x 6 features
2026-05-08 10:03:11,507 | INFO | Processing user 83/88: raw_kmt_user_0083.json
2026-05-08 10:03:11,622 | INFO | Rows from raw_kmt_user_0083.json: 603; fitting 4 models x 6 features
2026-05-08 10:03:11,674 | INFO | Processing user 84/88: raw_kmt_user_0084.json
2026-05-08 10:03:11,930 | INFO | Rows from raw_kmt_user_0084.json: 753; fitting 4 models x 6 features
2026-05-08 10:03:11,982 | INFO | Processing user 85/88: raw_kmt_user_0085.json
2026-05-08 10:03:12,109 | INFO | Rows from raw_kmt_user_0085.json: 740; fitting 4 models x 6 features
2026-05-08 10:03:12,165 | INFO | Processing user 86/88: raw_kmt_user_0086.json
2026-05-08 10:03:12,303 | INFO | Rows from raw_kmt_user_0086.json: 1063; fitting 4 models x 6 features
2026-05-08 10:03:12,360 | INFO | Processing user 87/88: raw_kmt_user_0087.json
2026-05-08 10:03:12,569 | INFO | Rows from raw_kmt_user_0087.json: 978; fitting 4 models x 6 features
2026-05-08 10:03:12,630 | INFO | Processing user 88/88: raw_kmt_user_0088.json
2026-05-08 10:03:12,762 | INFO | Rows from raw_kmt_user_0088.json: 574; fitting 4 models x 6 features
2026-05-08 10:03:13,257 | INFO | Saved merged feature rows: features_all_users_merged.csv (rows=43477, users_with_rows=88)
2026-05-08 10:03:13,287 | INFO | Saved per-user model fits: model_fit_per_user_all_models.csv (2112 rows)
2026-05-08 10:03:13,541 | INFO | Saved aggregated summary: model_fit_aggregated_summary.csv
2026-05-08 10:03:13,542 | INFO | Saved vote detail: model_fit_aggregated_vote_counts.csv
2026-05-08 10:03:13,542 | INFO | Saved weighted means by model: model_fit_aggregated_weighted_by_model.csv
2026-05-08 10:03:13,542 | INFO | Evaluation finished in 16.51 sec
2026-05-08 10:03:13,550 | INFO | Aggregated model choice (per-user fits combined):
      feature best_majority_vote_aic best_majority_vote_bic  n_users_with_votes best_weighted_mean_aic best_weighted_mean_bic best_sum_log_likelihood
   dwell_mean             Log-normal             Log-normal                  88             Log-normal             Log-normal              Log-normal
    dwell_std             Log-normal             Log-normal                  88                Weibull                Weibull                 Weibull
  flight_mean                  Gamma                  Gamma                  88                  Gamma                  Gamma                   Gamma
   flight_std                Weibull                Weibull                  88                Weibull                Weibull                 Weibull
velocity_mean                  Gamma                  Gamma                  88                  Gamma                  Gamma                   Gamma
 velocity_std                Weibull                Weibull                  88                  Gamma                  Gamma                   Gamma
2026-05-08 10:03:13,550 | INFO | Per-user fit rows: 2112
2026-05-08 10:06:49,198 | INFO | Found 88 user files from ./raw_kmt_dataset (true_data only, sequence_break=10.0s, session_break=30.0s)
2026-05-08 10:06:49,198 | INFO | Processing user 1/88: raw_kmt_user_0001.json
2026-05-08 10:06:49,237 | INFO | Rows from raw_kmt_user_0001.json: 171; fitting 4 models x 6 features
2026-05-08 10:06:49,276 | INFO | Processing user 2/88: raw_kmt_user_0002.json
2026-05-08 10:06:49,396 | INFO | Rows from raw_kmt_user_0002.json: 335; fitting 4 models x 6 features
2026-05-08 10:06:49,430 | INFO | Processing user 3/88: raw_kmt_user_0003.json
2026-05-08 10:06:49,594 | INFO | Rows from raw_kmt_user_0003.json: 504; fitting 4 models x 6 features
2026-05-08 10:06:49,642 | INFO | Processing user 4/88: raw_kmt_user_0004.json
2026-05-08 10:06:49,729 | INFO | Rows from raw_kmt_user_0004.json: 309; fitting 4 models x 6 features
2026-05-08 10:06:49,761 | INFO | Processing user 5/88: raw_kmt_user_0005.json
2026-05-08 10:06:49,881 | INFO | Rows from raw_kmt_user_0005.json: 447; fitting 4 models x 6 features
2026-05-08 10:06:49,918 | INFO | Processing user 6/88: raw_kmt_user_0006.json
2026-05-08 10:06:49,991 | INFO | Rows from raw_kmt_user_0006.json: 313; fitting 4 models x 6 features
2026-05-08 10:06:50,027 | INFO | Processing user 7/88: raw_kmt_user_0007.json
2026-05-08 10:06:50,108 | INFO | Rows from raw_kmt_user_0007.json: 393; fitting 4 models x 6 features
2026-05-08 10:06:50,138 | INFO | Processing user 8/88: raw_kmt_user_0008.json
2026-05-08 10:06:50,188 | INFO | Rows from raw_kmt_user_0008.json: 198; fitting 4 models x 6 features
2026-05-08 10:06:50,219 | INFO | Processing user 9/88: raw_kmt_user_0009.json
2026-05-08 10:06:50,317 | INFO | Rows from raw_kmt_user_0009.json: 410; fitting 4 models x 6 features
2026-05-08 10:06:50,352 | INFO | Processing user 10/88: raw_kmt_user_0010.json
2026-05-08 10:06:50,458 | INFO | Rows from raw_kmt_user_0010.json: 346; fitting 4 models x 6 features
2026-05-08 10:06:50,491 | INFO | Processing user 11/88: raw_kmt_user_0011.json
2026-05-08 10:06:50,542 | INFO | Rows from raw_kmt_user_0011.json: 217; fitting 4 models x 6 features
2026-05-08 10:06:50,573 | INFO | Processing user 12/88: raw_kmt_user_0012.json
2026-05-08 10:06:50,668 | INFO | Rows from raw_kmt_user_0012.json: 376; fitting 4 models x 6 features
2026-05-08 10:06:50,701 | INFO | Processing user 13/88: raw_kmt_user_0013.json
2026-05-08 10:06:50,795 | INFO | Rows from raw_kmt_user_0013.json: 466; fitting 4 models x 6 features
2026-05-08 10:06:50,832 | INFO | Processing user 14/88: raw_kmt_user_0014.json
2026-05-08 10:06:50,954 | INFO | Rows from raw_kmt_user_0014.json: 447; fitting 4 models x 6 features
2026-05-08 10:06:50,987 | INFO | Processing user 15/88: raw_kmt_user_0015.json
2026-05-08 10:06:51,071 | INFO | Rows from raw_kmt_user_0015.json: 461; fitting 4 models x 6 features
2026-05-08 10:06:51,111 | INFO | Processing user 16/88: raw_kmt_user_0016.json
2026-05-08 10:06:51,256 | INFO | Rows from raw_kmt_user_0016.json: 781; fitting 4 models x 6 features
2026-05-08 10:06:51,291 | INFO | Processing user 17/88: raw_kmt_user_0017.json
2026-05-08 10:06:51,409 | INFO | Rows from raw_kmt_user_0017.json: 541; fitting 4 models x 6 features
2026-05-08 10:06:51,442 | INFO | Processing user 18/88: raw_kmt_user_0018.json
2026-05-08 10:06:51,658 | INFO | Rows from raw_kmt_user_0018.json: 941; fitting 4 models x 6 features
2026-05-08 10:06:51,698 | INFO | Processing user 19/88: raw_kmt_user_0019.json
2026-05-08 10:06:51,854 | INFO | Rows from raw_kmt_user_0019.json: 669; fitting 4 models x 6 features
2026-05-08 10:06:51,888 | INFO | Processing user 20/88: raw_kmt_user_0020.json
2026-05-08 10:06:51,993 | INFO | Rows from raw_kmt_user_0020.json: 489; fitting 4 models x 6 features
2026-05-08 10:06:52,031 | INFO | Processing user 21/88: raw_kmt_user_0021.json
2026-05-08 10:06:52,159 | INFO | Rows from raw_kmt_user_0021.json: 371; fitting 4 models x 6 features
2026-05-08 10:06:52,193 | INFO | Processing user 22/88: raw_kmt_user_0022.json
2026-05-08 10:06:52,267 | INFO | Rows from raw_kmt_user_0022.json: 352; fitting 4 models x 6 features
2026-05-08 10:06:52,301 | INFO | Processing user 23/88: raw_kmt_user_0023.json
2026-05-08 10:06:52,349 | INFO | Rows from raw_kmt_user_0023.json: 203; fitting 4 models x 6 features
2026-05-08 10:06:52,381 | INFO | Processing user 24/88: raw_kmt_user_0024.json
2026-05-08 10:06:52,451 | INFO | Rows from raw_kmt_user_0024.json: 451; fitting 4 models x 6 features
2026-05-08 10:06:52,483 | INFO | Processing user 25/88: raw_kmt_user_0025.json
2026-05-08 10:06:52,542 | INFO | Rows from raw_kmt_user_0025.json: 279; fitting 4 models x 6 features
2026-05-08 10:06:52,572 | INFO | Processing user 26/88: raw_kmt_user_0026.json
2026-05-08 10:06:52,661 | INFO | Rows from raw_kmt_user_0026.json: 395; fitting 4 models x 6 features
2026-05-08 10:06:52,692 | INFO | Processing user 27/88: raw_kmt_user_0027.json
2026-05-08 10:06:52,771 | INFO | Rows from raw_kmt_user_0027.json: 359; fitting 4 models x 6 features
2026-05-08 10:06:52,802 | INFO | Processing user 28/88: raw_kmt_user_0028.json
2026-05-08 10:06:52,884 | INFO | Rows from raw_kmt_user_0028.json: 386; fitting 4 models x 6 features
2026-05-08 10:06:52,914 | INFO | Processing user 29/88: raw_kmt_user_0029.json
2026-05-08 10:06:52,981 | INFO | Rows from raw_kmt_user_0029.json: 381; fitting 4 models x 6 features
2026-05-08 10:06:53,012 | INFO | Processing user 30/88: raw_kmt_user_0030.json
2026-05-08 10:06:53,104 | INFO | Rows from raw_kmt_user_0030.json: 503; fitting 4 models x 6 features
2026-05-08 10:06:53,135 | INFO | Processing user 31/88: raw_kmt_user_0031.json
2026-05-08 10:06:53,199 | INFO | Rows from raw_kmt_user_0031.json: 270; fitting 4 models x 6 features
2026-05-08 10:06:53,229 | INFO | Processing user 32/88: raw_kmt_user_0032.json
2026-05-08 10:06:53,294 | INFO | Rows from raw_kmt_user_0032.json: 346; fitting 4 models x 6 features
2026-05-08 10:06:53,324 | INFO | Processing user 33/88: raw_kmt_user_0033.json
2026-05-08 10:06:53,371 | INFO | Rows from raw_kmt_user_0033.json: 275; fitting 4 models x 6 features
2026-05-08 10:06:53,401 | INFO | Processing user 34/88: raw_kmt_user_0034.json
2026-05-08 10:06:53,453 | INFO | Rows from raw_kmt_user_0034.json: 310; fitting 4 models x 6 features
2026-05-08 10:06:53,488 | INFO | Processing user 35/88: raw_kmt_user_0035.json
2026-05-08 10:06:53,576 | INFO | Rows from raw_kmt_user_0035.json: 416; fitting 4 models x 6 features
2026-05-08 10:06:53,609 | INFO | Processing user 36/88: raw_kmt_user_0036.json
2026-05-08 10:06:53,710 | INFO | Rows from raw_kmt_user_0036.json: 491; fitting 4 models x 6 features
2026-05-08 10:06:53,741 | INFO | Processing user 37/88: raw_kmt_user_0037.json
2026-05-08 10:06:53,801 | INFO | Rows from raw_kmt_user_0037.json: 382; fitting 4 models x 6 features
2026-05-08 10:06:53,832 | INFO | Processing user 38/88: raw_kmt_user_0038.json
2026-05-08 10:06:53,908 | INFO | Rows from raw_kmt_user_0038.json: 377; fitting 4 models x 6 features
2026-05-08 10:06:53,936 | INFO | Processing user 39/88: raw_kmt_user_0039.json
2026-05-08 10:06:54,012 | INFO | Rows from raw_kmt_user_0039.json: 322; fitting 4 models x 6 features
2026-05-08 10:06:54,042 | INFO | Processing user 40/88: raw_kmt_user_0040.json
2026-05-08 10:06:54,142 | INFO | Rows from raw_kmt_user_0040.json: 395; fitting 4 models x 6 features
2026-05-08 10:06:54,173 | INFO | Processing user 41/88: raw_kmt_user_0041.json
2026-05-08 10:06:54,272 | INFO | Rows from raw_kmt_user_0041.json: 776; fitting 4 models x 6 features
2026-05-08 10:06:54,305 | INFO | Processing user 42/88: raw_kmt_user_0042.json
2026-05-08 10:06:54,362 | INFO | Rows from raw_kmt_user_0042.json: 279; fitting 4 models x 6 features
2026-05-08 10:06:54,394 | INFO | Processing user 43/88: raw_kmt_user_0043.json
2026-05-08 10:06:54,442 | INFO | Rows from raw_kmt_user_0043.json: 384; fitting 4 models x 6 features
2026-05-08 10:06:54,474 | INFO | Processing user 44/88: raw_kmt_user_0044.json
2026-05-08 10:06:54,544 | INFO | Rows from raw_kmt_user_0044.json: 333; fitting 4 models x 6 features
2026-05-08 10:06:54,573 | INFO | Processing user 45/88: raw_kmt_user_0045.json
2026-05-08 10:06:54,664 | INFO | Rows from raw_kmt_user_0045.json: 370; fitting 4 models x 6 features
2026-05-08 10:06:54,695 | INFO | Processing user 46/88: raw_kmt_user_0046.json
2026-05-08 10:06:54,779 | INFO | Rows from raw_kmt_user_0046.json: 466; fitting 4 models x 6 features
2026-05-08 10:06:54,810 | INFO | Processing user 47/88: raw_kmt_user_0047.json
2026-05-08 10:06:54,884 | INFO | Rows from raw_kmt_user_0047.json: 381; fitting 4 models x 6 features
2026-05-08 10:06:54,916 | INFO | Processing user 48/88: raw_kmt_user_0048.json
2026-05-08 10:06:55,076 | INFO | Rows from raw_kmt_user_0048.json: 708; fitting 4 models x 6 features
2026-05-08 10:06:55,111 | INFO | Processing user 49/88: raw_kmt_user_0049.json
2026-05-08 10:06:55,249 | INFO | Rows from raw_kmt_user_0049.json: 601; fitting 4 models x 6 features
2026-05-08 10:06:55,281 | INFO | Processing user 50/88: raw_kmt_user_0050.json
2026-05-08 10:06:55,377 | INFO | Rows from raw_kmt_user_0050.json: 515; fitting 4 models x 6 features
2026-05-08 10:06:55,406 | INFO | Processing user 51/88: raw_kmt_user_0051.json
2026-05-08 10:06:55,457 | INFO | Rows from raw_kmt_user_0051.json: 240; fitting 4 models x 6 features
2026-05-08 10:06:55,488 | INFO | Processing user 52/88: raw_kmt_user_0052.json
2026-05-08 10:06:55,548 | INFO | Rows from raw_kmt_user_0052.json: 392; fitting 4 models x 6 features
2026-05-08 10:06:55,579 | INFO | Processing user 53/88: raw_kmt_user_0053.json
2026-05-08 10:06:55,744 | INFO | Rows from raw_kmt_user_0053.json: 514; fitting 4 models x 6 features
2026-05-08 10:06:55,775 | INFO | Processing user 54/88: raw_kmt_user_0054.json
2026-05-08 10:06:55,843 | INFO | Rows from raw_kmt_user_0054.json: 362; fitting 4 models x 6 features
2026-05-08 10:06:55,873 | INFO | Processing user 55/88: raw_kmt_user_0055.json
2026-05-08 10:06:55,930 | INFO | Rows from raw_kmt_user_0055.json: 550; fitting 4 models x 6 features
2026-05-08 10:06:55,963 | INFO | Processing user 56/88: raw_kmt_user_0056.json
2026-05-08 10:06:56,030 | INFO | Rows from raw_kmt_user_0056.json: 691; fitting 4 models x 6 features
2026-05-08 10:06:56,061 | INFO | Processing user 57/88: raw_kmt_user_0057.json
2026-05-08 10:06:56,192 | INFO | Rows from raw_kmt_user_0057.json: 1298; fitting 4 models x 6 features
2026-05-08 10:06:56,228 | INFO | Processing user 58/88: raw_kmt_user_0058.json
2026-05-08 10:06:56,292 | INFO | Rows from raw_kmt_user_0058.json: 370; fitting 4 models x 6 features
2026-05-08 10:06:56,320 | INFO | Processing user 59/88: raw_kmt_user_0059.json
2026-05-08 10:06:56,436 | INFO | Rows from raw_kmt_user_0059.json: 811; fitting 4 models x 6 features
2026-05-08 10:06:56,471 | INFO | Processing user 60/88: raw_kmt_user_0060.json
2026-05-08 10:06:56,517 | INFO | Rows from raw_kmt_user_0060.json: 320; fitting 4 models x 6 features
2026-05-08 10:06:56,549 | INFO | Processing user 61/88: raw_kmt_user_0061.json
2026-05-08 10:06:56,680 | INFO | Rows from raw_kmt_user_0061.json: 580; fitting 4 models x 6 features
2026-05-08 10:06:56,710 | INFO | Processing user 62/88: raw_kmt_user_0062.json
2026-05-08 10:06:56,773 | INFO | Rows from raw_kmt_user_0062.json: 643; fitting 4 models x 6 features
2026-05-08 10:06:56,805 | INFO | Processing user 63/88: raw_kmt_user_0063.json
2026-05-08 10:06:56,867 | INFO | Rows from raw_kmt_user_0063.json: 1011; fitting 4 models x 6 features
2026-05-08 10:06:56,900 | INFO | Processing user 64/88: raw_kmt_user_0064.json
2026-05-08 10:06:56,954 | INFO | Rows from raw_kmt_user_0064.json: 608; fitting 4 models x 6 features
2026-05-08 10:06:56,986 | INFO | Processing user 65/88: raw_kmt_user_0065.json
2026-05-08 10:06:57,106 | INFO | Rows from raw_kmt_user_0065.json: 566; fitting 4 models x 6 features
2026-05-08 10:06:57,138 | INFO | Processing user 66/88: raw_kmt_user_0066.json
2026-05-08 10:06:57,442 | INFO | Rows from raw_kmt_user_0066.json: 1651; fitting 4 models x 6 features
2026-05-08 10:06:57,481 | INFO | Processing user 67/88: raw_kmt_user_0067.json
2026-05-08 10:06:57,588 | INFO | Rows from raw_kmt_user_0067.json: 566; fitting 4 models x 6 features
2026-05-08 10:06:57,620 | INFO | Processing user 68/88: raw_kmt_user_0068.json
2026-05-08 10:06:57,708 | INFO | Rows from raw_kmt_user_0068.json: 600; fitting 4 models x 6 features
2026-05-08 10:06:57,739 | INFO | Processing user 69/88: raw_kmt_user_0069.json
2026-05-08 10:06:57,809 | INFO | Rows from raw_kmt_user_0069.json: 313; fitting 4 models x 6 features
2026-05-08 10:06:57,838 | INFO | Processing user 70/88: raw_kmt_user_0070.json
2026-05-08 10:06:57,925 | INFO | Rows from raw_kmt_user_0070.json: 360; fitting 4 models x 6 features
2026-05-08 10:06:57,953 | INFO | Processing user 71/88: raw_kmt_user_0071.json
2026-05-08 10:06:58,080 | INFO | Rows from raw_kmt_user_0071.json: 349; fitting 4 models x 6 features
2026-05-08 10:06:58,111 | INFO | Processing user 72/88: raw_kmt_user_0072.json
2026-05-08 10:06:58,162 | INFO | Rows from raw_kmt_user_0072.json: 246; fitting 4 models x 6 features
2026-05-08 10:06:58,193 | INFO | Processing user 73/88: raw_kmt_user_0073.json
2026-05-08 10:06:58,269 | INFO | Rows from raw_kmt_user_0073.json: 295; fitting 4 models x 6 features
2026-05-08 10:06:58,300 | INFO | Processing user 74/88: raw_kmt_user_0074.json
2026-05-08 10:06:58,355 | INFO | Rows from raw_kmt_user_0074.json: 307; fitting 4 models x 6 features
2026-05-08 10:06:58,385 | INFO | Processing user 75/88: raw_kmt_user_0075.json
2026-05-08 10:06:58,476 | INFO | Rows from raw_kmt_user_0075.json: 302; fitting 4 models x 6 features
2026-05-08 10:06:58,506 | INFO | Processing user 76/88: raw_kmt_user_0076.json
2026-05-08 10:06:58,591 | INFO | Rows from raw_kmt_user_0076.json: 350; fitting 4 models x 6 features
2026-05-08 10:06:58,623 | INFO | Processing user 77/88: raw_kmt_user_0077.json
2026-05-08 10:06:58,748 | INFO | Rows from raw_kmt_user_0077.json: 780; fitting 4 models x 6 features
2026-05-08 10:06:58,782 | INFO | Processing user 78/88: raw_kmt_user_0078.json
2026-05-08 10:06:58,935 | INFO | Rows from raw_kmt_user_0078.json: 478; fitting 4 models x 6 features
2026-05-08 10:06:58,973 | INFO | Processing user 79/88: raw_kmt_user_0079.json
2026-05-08 10:06:59,107 | INFO | Rows from raw_kmt_user_0079.json: 374; fitting 4 models x 6 features
2026-05-08 10:06:59,142 | INFO | Processing user 80/88: raw_kmt_user_0080.json
2026-05-08 10:06:59,282 | INFO | Rows from raw_kmt_user_0080.json: 447; fitting 4 models x 6 features
2026-05-08 10:06:59,318 | INFO | Processing user 81/88: raw_kmt_user_0081.json
2026-05-08 10:06:59,503 | INFO | Rows from raw_kmt_user_0081.json: 862; fitting 4 models x 6 features
2026-05-08 10:06:59,538 | INFO | Processing user 82/88: raw_kmt_user_0082.json
2026-05-08 10:06:59,637 | INFO | Rows from raw_kmt_user_0082.json: 639; fitting 4 models x 6 features
2026-05-08 10:06:59,672 | INFO | Processing user 83/88: raw_kmt_user_0083.json
2026-05-08 10:06:59,753 | INFO | Rows from raw_kmt_user_0083.json: 603; fitting 4 models x 6 features
2026-05-08 10:06:59,786 | INFO | Processing user 84/88: raw_kmt_user_0084.json
2026-05-08 10:06:59,947 | INFO | Rows from raw_kmt_user_0084.json: 753; fitting 4 models x 6 features
2026-05-08 10:06:59,980 | INFO | Processing user 85/88: raw_kmt_user_0085.json
2026-05-08 10:07:00,068 | INFO | Rows from raw_kmt_user_0085.json: 740; fitting 4 models x 6 features
2026-05-08 10:07:00,103 | INFO | Processing user 86/88: raw_kmt_user_0086.json
2026-05-08 10:07:00,200 | INFO | Rows from raw_kmt_user_0086.json: 1063; fitting 4 models x 6 features
2026-05-08 10:07:00,236 | INFO | Processing user 87/88: raw_kmt_user_0087.json
2026-05-08 10:07:00,379 | INFO | Rows from raw_kmt_user_0087.json: 978; fitting 4 models x 6 features
2026-05-08 10:07:00,417 | INFO | Processing user 88/88: raw_kmt_user_0088.json
2026-05-08 10:07:00,506 | INFO | Rows from raw_kmt_user_0088.json: 574; fitting 4 models x 6 features
2026-05-08 10:07:00,831 | INFO | Saved merged feature rows: features_all_users_merged.csv (rows=43477, users_with_rows=88)
2026-05-08 10:07:00,847 | INFO | Saved per-user model fits: model_fit_per_user_all_models.csv (2112 rows)
2026-05-08 10:07:01,018 | INFO | Saved aggregated summary: model_fit_aggregated_summary.csv
2026-05-08 10:07:01,018 | INFO | Saved vote detail: model_fit_aggregated_vote_counts.csv
2026-05-08 10:07:01,018 | INFO | Saved weighted means by model: model_fit_aggregated_weighted_by_model.csv
2026-05-08 10:07:01,019 | INFO | Evaluation finished in 11.82 sec
2026-05-08 10:07:01,023 | INFO | Aggregated model choice (per-user fits combined):
      feature best_majority_vote_aic best_majority_vote_bic  n_users_with_votes best_weighted_mean_aic best_weighted_mean_bic best_sum_log_likelihood
   dwell_mean             Log-normal             Log-normal                  88             Log-normal             Log-normal              Log-normal
    dwell_std             Log-normal             Log-normal                  88                Weibull                Weibull                 Weibull
  flight_mean                  Gamma                  Gamma                  88                  Gamma                  Gamma                   Gamma
   flight_std                Weibull                Weibull                  88                Weibull                Weibull                 Weibull
velocity_mean                Weibull                Weibull                  88                Weibull                Weibull                 Weibull
 velocity_std                  Gamma                  Gamma                  88                  Gamma                  Gamma                   Gamma
2026-05-08 10:07:01,023 | INFO | Per-user fit rows: 2112
2026-05-08 10:09:16,181 | INFO | Found 88 user files from ./raw_kmt_dataset (true_data only, sequence_break=10.0s, session_break=30.0s)
2026-05-08 10:09:16,181 | INFO | Processing user 1/88: raw_kmt_user_0001.json
2026-05-08 10:09:16,220 | INFO | Rows from raw_kmt_user_0001.json: 171; fitting 4 models x 6 features
2026-05-08 10:09:16,252 | INFO | Processing user 2/88: raw_kmt_user_0002.json
2026-05-08 10:09:16,368 | INFO | Rows from raw_kmt_user_0002.json: 335; fitting 4 models x 6 features
2026-05-08 10:09:16,401 | INFO | Processing user 3/88: raw_kmt_user_0003.json
2026-05-08 10:09:16,548 | INFO | Rows from raw_kmt_user_0003.json: 504; fitting 4 models x 6 features
2026-05-08 10:09:16,582 | INFO | Processing user 4/88: raw_kmt_user_0004.json
2026-05-08 10:09:16,664 | INFO | Rows from raw_kmt_user_0004.json: 309; fitting 4 models x 6 features
2026-05-08 10:09:16,694 | INFO | Processing user 5/88: raw_kmt_user_0005.json
2026-05-08 10:09:16,822 | INFO | Rows from raw_kmt_user_0005.json: 447; fitting 4 models x 6 features
2026-05-08 10:09:16,855 | INFO | Processing user 6/88: raw_kmt_user_0006.json
2026-05-08 10:09:16,921 | INFO | Rows from raw_kmt_user_0006.json: 313; fitting 4 models x 6 features
2026-05-08 10:09:16,953 | INFO | Processing user 7/88: raw_kmt_user_0007.json
2026-05-08 10:09:17,039 | INFO | Rows from raw_kmt_user_0007.json: 393; fitting 4 models x 6 features
2026-05-08 10:09:17,069 | INFO | Processing user 8/88: raw_kmt_user_0008.json
2026-05-08 10:09:17,116 | INFO | Rows from raw_kmt_user_0008.json: 198; fitting 4 models x 6 features
2026-05-08 10:09:17,145 | INFO | Processing user 9/88: raw_kmt_user_0009.json
2026-05-08 10:09:17,238 | INFO | Rows from raw_kmt_user_0009.json: 410; fitting 4 models x 6 features
2026-05-08 10:09:17,267 | INFO | Processing user 10/88: raw_kmt_user_0010.json
2026-05-08 10:09:17,383 | INFO | Rows from raw_kmt_user_0010.json: 346; fitting 4 models x 6 features
2026-05-08 10:09:17,419 | INFO | Processing user 11/88: raw_kmt_user_0011.json
2026-05-08 10:09:17,477 | INFO | Rows from raw_kmt_user_0011.json: 217; fitting 4 models x 6 features
2026-05-08 10:09:17,512 | INFO | Processing user 12/88: raw_kmt_user_0012.json
2026-05-08 10:09:17,616 | INFO | Rows from raw_kmt_user_0012.json: 376; fitting 4 models x 6 features
2026-05-08 10:09:17,652 | INFO | Processing user 13/88: raw_kmt_user_0013.json
2026-05-08 10:09:17,759 | INFO | Rows from raw_kmt_user_0013.json: 466; fitting 4 models x 6 features
2026-05-08 10:09:17,797 | INFO | Processing user 14/88: raw_kmt_user_0014.json
2026-05-08 10:09:17,920 | INFO | Rows from raw_kmt_user_0014.json: 447; fitting 4 models x 6 features
2026-05-08 10:09:17,955 | INFO | Processing user 15/88: raw_kmt_user_0015.json
2026-05-08 10:09:18,043 | INFO | Rows from raw_kmt_user_0015.json: 461; fitting 4 models x 6 features
2026-05-08 10:09:18,082 | INFO | Processing user 16/88: raw_kmt_user_0016.json
2026-05-08 10:09:18,241 | INFO | Rows from raw_kmt_user_0016.json: 781; fitting 4 models x 6 features
2026-05-08 10:09:18,276 | INFO | Processing user 17/88: raw_kmt_user_0017.json
2026-05-08 10:09:18,405 | INFO | Rows from raw_kmt_user_0017.json: 541; fitting 4 models x 6 features
2026-05-08 10:09:18,438 | INFO | Processing user 18/88: raw_kmt_user_0018.json
2026-05-08 10:09:18,675 | INFO | Rows from raw_kmt_user_0018.json: 941; fitting 4 models x 6 features
2026-05-08 10:09:18,714 | INFO | Processing user 19/88: raw_kmt_user_0019.json
2026-05-08 10:09:18,883 | INFO | Rows from raw_kmt_user_0019.json: 669; fitting 4 models x 6 features
2026-05-08 10:09:18,916 | INFO | Processing user 20/88: raw_kmt_user_0020.json
2026-05-08 10:09:19,027 | INFO | Rows from raw_kmt_user_0020.json: 489; fitting 4 models x 6 features
2026-05-08 10:09:19,059 | INFO | Processing user 21/88: raw_kmt_user_0021.json
2026-05-08 10:09:19,186 | INFO | Rows from raw_kmt_user_0021.json: 371; fitting 4 models x 6 features
2026-05-08 10:09:19,218 | INFO | Processing user 22/88: raw_kmt_user_0022.json
2026-05-08 10:09:19,290 | INFO | Rows from raw_kmt_user_0022.json: 352; fitting 4 models x 6 features
2026-05-08 10:09:19,323 | INFO | Processing user 23/88: raw_kmt_user_0023.json
2026-05-08 10:09:19,375 | INFO | Rows from raw_kmt_user_0023.json: 203; fitting 4 models x 6 features
2026-05-08 10:09:19,406 | INFO | Processing user 24/88: raw_kmt_user_0024.json
2026-05-08 10:09:19,482 | INFO | Rows from raw_kmt_user_0024.json: 451; fitting 4 models x 6 features
2026-05-08 10:09:19,514 | INFO | Processing user 25/88: raw_kmt_user_0025.json
2026-05-08 10:09:19,582 | INFO | Rows from raw_kmt_user_0025.json: 279; fitting 4 models x 6 features
2026-05-08 10:09:19,615 | INFO | Processing user 26/88: raw_kmt_user_0026.json
2026-05-08 10:09:19,715 | INFO | Rows from raw_kmt_user_0026.json: 395; fitting 4 models x 6 features
2026-05-08 10:09:19,749 | INFO | Processing user 27/88: raw_kmt_user_0027.json
2026-05-08 10:09:19,849 | INFO | Rows from raw_kmt_user_0027.json: 359; fitting 4 models x 6 features
2026-05-08 10:09:19,881 | INFO | Processing user 28/88: raw_kmt_user_0028.json
2026-05-08 10:09:19,977 | INFO | Rows from raw_kmt_user_0028.json: 386; fitting 4 models x 6 features
2026-05-08 10:09:20,012 | INFO | Processing user 29/88: raw_kmt_user_0029.json
2026-05-08 10:09:20,102 | INFO | Rows from raw_kmt_user_0029.json: 381; fitting 4 models x 6 features
2026-05-08 10:09:20,133 | INFO | Processing user 30/88: raw_kmt_user_0030.json
2026-05-08 10:09:20,249 | INFO | Rows from raw_kmt_user_0030.json: 503; fitting 4 models x 6 features
2026-05-08 10:09:20,281 | INFO | Processing user 31/88: raw_kmt_user_0031.json
2026-05-08 10:09:20,356 | INFO | Rows from raw_kmt_user_0031.json: 270; fitting 4 models x 6 features
2026-05-08 10:09:20,388 | INFO | Processing user 32/88: raw_kmt_user_0032.json
2026-05-08 10:09:20,475 | INFO | Rows from raw_kmt_user_0032.json: 346; fitting 4 models x 6 features
2026-05-08 10:09:20,507 | INFO | Processing user 33/88: raw_kmt_user_0033.json
2026-05-08 10:09:20,565 | INFO | Rows from raw_kmt_user_0033.json: 275; fitting 4 models x 6 features
2026-05-08 10:09:20,596 | INFO | Processing user 34/88: raw_kmt_user_0034.json
2026-05-08 10:09:20,657 | INFO | Rows from raw_kmt_user_0034.json: 310; fitting 4 models x 6 features
2026-05-08 10:09:20,692 | INFO | Processing user 35/88: raw_kmt_user_0035.json
2026-05-08 10:09:20,802 | INFO | Rows from raw_kmt_user_0035.json: 416; fitting 4 models x 6 features
2026-05-08 10:09:20,837 | INFO | Processing user 36/88: raw_kmt_user_0036.json
2026-05-08 10:09:20,957 | INFO | Rows from raw_kmt_user_0036.json: 491; fitting 4 models x 6 features
2026-05-08 10:09:20,993 | INFO | Processing user 37/88: raw_kmt_user_0037.json
2026-05-08 10:09:21,067 | INFO | Rows from raw_kmt_user_0037.json: 382; fitting 4 models x 6 features
2026-05-08 10:09:21,102 | INFO | Processing user 38/88: raw_kmt_user_0038.json
2026-05-08 10:09:21,200 | INFO | Rows from raw_kmt_user_0038.json: 377; fitting 4 models x 6 features
2026-05-08 10:09:21,233 | INFO | Processing user 39/88: raw_kmt_user_0039.json
2026-05-08 10:09:21,324 | INFO | Rows from raw_kmt_user_0039.json: 322; fitting 4 models x 6 features
2026-05-08 10:09:21,354 | INFO | Processing user 40/88: raw_kmt_user_0040.json
2026-05-08 10:09:21,470 | INFO | Rows from raw_kmt_user_0040.json: 395; fitting 4 models x 6 features
2026-05-08 10:09:21,505 | INFO | Processing user 41/88: raw_kmt_user_0041.json
2026-05-08 10:09:21,632 | INFO | Rows from raw_kmt_user_0041.json: 776; fitting 4 models x 6 features
2026-05-08 10:09:21,671 | INFO | Processing user 42/88: raw_kmt_user_0042.json
2026-05-08 10:09:21,746 | INFO | Rows from raw_kmt_user_0042.json: 279; fitting 4 models x 6 features
2026-05-08 10:09:21,780 | INFO | Processing user 43/88: raw_kmt_user_0043.json
2026-05-08 10:09:21,843 | INFO | Rows from raw_kmt_user_0043.json: 384; fitting 4 models x 6 features
2026-05-08 10:09:21,881 | INFO | Processing user 44/88: raw_kmt_user_0044.json
2026-05-08 10:09:21,967 | INFO | Rows from raw_kmt_user_0044.json: 333; fitting 4 models x 6 features
2026-05-08 10:09:21,999 | INFO | Processing user 45/88: raw_kmt_user_0045.json
2026-05-08 10:09:22,116 | INFO | Rows from raw_kmt_user_0045.json: 370; fitting 4 models x 6 features
2026-05-08 10:09:22,152 | INFO | Processing user 46/88: raw_kmt_user_0046.json
2026-05-08 10:09:22,261 | INFO | Rows from raw_kmt_user_0046.json: 466; fitting 4 models x 6 features
2026-05-08 10:09:22,298 | INFO | Processing user 47/88: raw_kmt_user_0047.json
2026-05-08 10:09:22,396 | INFO | Rows from raw_kmt_user_0047.json: 381; fitting 4 models x 6 features
2026-05-08 10:09:22,432 | INFO | Processing user 48/88: raw_kmt_user_0048.json
2026-05-08 10:09:22,632 | INFO | Rows from raw_kmt_user_0048.json: 708; fitting 4 models x 6 features
2026-05-08 10:09:22,668 | INFO | Processing user 49/88: raw_kmt_user_0049.json
2026-05-08 10:09:22,849 | INFO | Rows from raw_kmt_user_0049.json: 601; fitting 4 models x 6 features
2026-05-08 10:09:22,881 | INFO | Processing user 50/88: raw_kmt_user_0050.json
2026-05-08 10:09:23,005 | INFO | Rows from raw_kmt_user_0050.json: 515; fitting 4 models x 6 features
2026-05-08 10:09:23,038 | INFO | Processing user 51/88: raw_kmt_user_0051.json
2026-05-08 10:09:23,101 | INFO | Rows from raw_kmt_user_0051.json: 240; fitting 4 models x 6 features
2026-05-08 10:09:23,135 | INFO | Processing user 52/88: raw_kmt_user_0052.json
2026-05-08 10:09:23,207 | INFO | Rows from raw_kmt_user_0052.json: 392; fitting 4 models x 6 features
2026-05-08 10:09:23,238 | INFO | Processing user 53/88: raw_kmt_user_0053.json
2026-05-08 10:09:23,439 | INFO | Rows from raw_kmt_user_0053.json: 514; fitting 4 models x 6 features
2026-05-08 10:09:23,474 | INFO | Processing user 54/88: raw_kmt_user_0054.json
2026-05-08 10:09:23,555 | INFO | Rows from raw_kmt_user_0054.json: 362; fitting 4 models x 6 features
2026-05-08 10:09:23,588 | INFO | Processing user 55/88: raw_kmt_user_0055.json
2026-05-08 10:09:23,658 | INFO | Rows from raw_kmt_user_0055.json: 550; fitting 4 models x 6 features
2026-05-08 10:09:23,696 | INFO | Processing user 56/88: raw_kmt_user_0056.json
2026-05-08 10:09:23,784 | INFO | Rows from raw_kmt_user_0056.json: 691; fitting 4 models x 6 features
2026-05-08 10:09:23,817 | INFO | Processing user 57/88: raw_kmt_user_0057.json
2026-05-08 10:09:23,990 | INFO | Rows from raw_kmt_user_0057.json: 1298; fitting 4 models x 6 features
2026-05-08 10:09:24,030 | INFO | Processing user 58/88: raw_kmt_user_0058.json
2026-05-08 10:09:24,113 | INFO | Rows from raw_kmt_user_0058.json: 370; fitting 4 models x 6 features
2026-05-08 10:09:24,143 | INFO | Processing user 59/88: raw_kmt_user_0059.json
2026-05-08 10:09:24,287 | INFO | Rows from raw_kmt_user_0059.json: 811; fitting 4 models x 6 features
2026-05-08 10:09:24,319 | INFO | Processing user 60/88: raw_kmt_user_0060.json
2026-05-08 10:09:24,371 | INFO | Rows from raw_kmt_user_0060.json: 320; fitting 4 models x 6 features
2026-05-08 10:09:24,402 | INFO | Processing user 61/88: raw_kmt_user_0061.json
2026-05-08 10:09:24,559 | INFO | Rows from raw_kmt_user_0061.json: 580; fitting 4 models x 6 features
2026-05-08 10:09:24,590 | INFO | Processing user 62/88: raw_kmt_user_0062.json
2026-05-08 10:09:24,661 | INFO | Rows from raw_kmt_user_0062.json: 643; fitting 4 models x 6 features
2026-05-08 10:09:24,691 | INFO | Processing user 63/88: raw_kmt_user_0063.json
2026-05-08 10:09:24,763 | INFO | Rows from raw_kmt_user_0063.json: 1011; fitting 4 models x 6 features
2026-05-08 10:09:24,797 | INFO | Processing user 64/88: raw_kmt_user_0064.json
2026-05-08 10:09:24,862 | INFO | Rows from raw_kmt_user_0064.json: 608; fitting 4 models x 6 features
2026-05-08 10:09:24,894 | INFO | Processing user 65/88: raw_kmt_user_0065.json
2026-05-08 10:09:25,038 | INFO | Rows from raw_kmt_user_0065.json: 566; fitting 4 models x 6 features
2026-05-08 10:09:25,072 | INFO | Processing user 66/88: raw_kmt_user_0066.json
2026-05-08 10:09:25,434 | INFO | Rows from raw_kmt_user_0066.json: 1651; fitting 4 models x 6 features
2026-05-08 10:09:25,471 | INFO | Processing user 67/88: raw_kmt_user_0067.json
2026-05-08 10:09:25,604 | INFO | Rows from raw_kmt_user_0067.json: 566; fitting 4 models x 6 features
2026-05-08 10:09:25,636 | INFO | Processing user 68/88: raw_kmt_user_0068.json
2026-05-08 10:09:25,746 | INFO | Rows from raw_kmt_user_0068.json: 600; fitting 4 models x 6 features
2026-05-08 10:09:25,779 | INFO | Processing user 69/88: raw_kmt_user_0069.json
2026-05-08 10:09:25,865 | INFO | Rows from raw_kmt_user_0069.json: 313; fitting 4 models x 6 features
2026-05-08 10:09:25,896 | INFO | Processing user 70/88: raw_kmt_user_0070.json
2026-05-08 10:09:26,002 | INFO | Rows from raw_kmt_user_0070.json: 360; fitting 4 models x 6 features
2026-05-08 10:09:26,030 | INFO | Processing user 71/88: raw_kmt_user_0071.json
2026-05-08 10:09:26,182 | INFO | Rows from raw_kmt_user_0071.json: 349; fitting 4 models x 6 features
2026-05-08 10:09:26,212 | INFO | Processing user 72/88: raw_kmt_user_0072.json
2026-05-08 10:09:26,269 | INFO | Rows from raw_kmt_user_0072.json: 246; fitting 4 models x 6 features
2026-05-08 10:09:26,298 | INFO | Processing user 73/88: raw_kmt_user_0073.json
2026-05-08 10:09:26,393 | INFO | Rows from raw_kmt_user_0073.json: 295; fitting 4 models x 6 features
2026-05-08 10:09:26,422 | INFO | Processing user 74/88: raw_kmt_user_0074.json
2026-05-08 10:09:26,487 | INFO | Rows from raw_kmt_user_0074.json: 307; fitting 4 models x 6 features
2026-05-08 10:09:26,520 | INFO | Processing user 75/88: raw_kmt_user_0075.json
2026-05-08 10:09:26,624 | INFO | Rows from raw_kmt_user_0075.json: 302; fitting 4 models x 6 features
2026-05-08 10:09:26,653 | INFO | Processing user 76/88: raw_kmt_user_0076.json
2026-05-08 10:09:26,756 | INFO | Rows from raw_kmt_user_0076.json: 350; fitting 4 models x 6 features
2026-05-08 10:09:26,789 | INFO | Processing user 77/88: raw_kmt_user_0077.json
2026-05-08 10:09:26,945 | INFO | Rows from raw_kmt_user_0077.json: 780; fitting 4 models x 6 features
2026-05-08 10:09:26,978 | INFO | Processing user 78/88: raw_kmt_user_0078.json
2026-05-08 10:09:27,143 | INFO | Rows from raw_kmt_user_0078.json: 478; fitting 4 models x 6 features
2026-05-08 10:09:27,177 | INFO | Processing user 79/88: raw_kmt_user_0079.json
2026-05-08 10:09:27,317 | INFO | Rows from raw_kmt_user_0079.json: 374; fitting 4 models x 6 features
2026-05-08 10:09:27,351 | INFO | Processing user 80/88: raw_kmt_user_0080.json
2026-05-08 10:09:27,505 | INFO | Rows from raw_kmt_user_0080.json: 447; fitting 4 models x 6 features
2026-05-08 10:09:27,542 | INFO | Processing user 81/88: raw_kmt_user_0081.json
2026-05-08 10:09:27,743 | INFO | Rows from raw_kmt_user_0081.json: 862; fitting 4 models x 6 features
2026-05-08 10:09:27,777 | INFO | Processing user 82/88: raw_kmt_user_0082.json
2026-05-08 10:09:27,886 | INFO | Rows from raw_kmt_user_0082.json: 639; fitting 4 models x 6 features
2026-05-08 10:09:27,921 | INFO | Processing user 83/88: raw_kmt_user_0083.json
2026-05-08 10:09:28,026 | INFO | Rows from raw_kmt_user_0083.json: 603; fitting 4 models x 6 features
2026-05-08 10:09:28,062 | INFO | Processing user 84/88: raw_kmt_user_0084.json
2026-05-08 10:09:28,246 | INFO | Rows from raw_kmt_user_0084.json: 753; fitting 4 models x 6 features
2026-05-08 10:09:28,279 | INFO | Processing user 85/88: raw_kmt_user_0085.json
2026-05-08 10:09:28,396 | INFO | Rows from raw_kmt_user_0085.json: 740; fitting 4 models x 6 features
2026-05-08 10:09:28,427 | INFO | Processing user 86/88: raw_kmt_user_0086.json
2026-05-08 10:09:28,549 | INFO | Rows from raw_kmt_user_0086.json: 1063; fitting 4 models x 6 features
2026-05-08 10:09:28,584 | INFO | Processing user 87/88: raw_kmt_user_0087.json
2026-05-08 10:09:28,752 | INFO | Rows from raw_kmt_user_0087.json: 978; fitting 4 models x 6 features
2026-05-08 10:09:28,788 | INFO | Processing user 88/88: raw_kmt_user_0088.json
2026-05-08 10:09:28,889 | INFO | Rows from raw_kmt_user_0088.json: 574; fitting 4 models x 6 features
2026-05-08 10:09:29,206 | INFO | Saved merged feature rows: features_all_users_merged.csv (rows=43477, users_with_rows=88)
2026-05-08 10:09:29,225 | INFO | Saved per-user model fits: model_fit_per_user_all_models.csv (2112 rows)
2026-05-08 10:09:29,423 | INFO | Saved aggregated summary: model_fit_aggregated_summary.csv
2026-05-08 10:09:29,423 | INFO | Saved vote detail: model_fit_aggregated_vote_counts.csv
2026-05-08 10:09:29,424 | INFO | Saved weighted means by model: model_fit_aggregated_weighted_by_model.csv
2026-05-08 10:09:29,424 | INFO | Evaluation finished in 13.24 sec
2026-05-08 10:09:29,429 | INFO | Aggregated model choice (per-user fits combined):
      feature best_majority_vote_aic best_majority_vote_bic  n_users_with_votes best_weighted_mean_aic best_weighted_mean_bic best_sum_log_likelihood
   dwell_mean             Log-normal             Log-normal                  88             Log-normal             Log-normal              Log-normal
    dwell_std             Log-normal             Log-normal                  88                Weibull                Weibull                 Weibull
  flight_mean                  Gamma                  Gamma                  88                  Gamma                  Gamma                   Gamma
   flight_std                Weibull                Weibull                  88                Weibull                Weibull                 Weibull
velocity_mean                Weibull                Weibull                  88                Weibull                Weibull                 Weibull
 velocity_std               Gaussian               Gaussian                  88               Gaussian               Gaussian                Gaussian
2026-05-08 10:09:29,429 | INFO | Per-user fit rows: 2112
2026-05-08 10:41:13,137 | INFO | Found 88 user files from ./raw_kmt_dataset (true_data only, sequence_break=10.0s, session_break=30.0s)
2026-05-08 10:41:13,137 | INFO | Processing user 1/88: raw_kmt_user_0001.json
2026-05-08 10:41:13,177 | INFO | Rows from raw_kmt_user_0001.json: 171; fitting 4 models x 6 features
2026-05-08 10:41:13,208 | INFO | Processing user 2/88: raw_kmt_user_0002.json
2026-05-08 10:41:13,329 | INFO | Rows from raw_kmt_user_0002.json: 335; fitting 4 models x 6 features
2026-05-08 10:41:13,360 | INFO | Processing user 3/88: raw_kmt_user_0003.json
2026-05-08 10:41:13,514 | INFO | Rows from raw_kmt_user_0003.json: 504; fitting 4 models x 6 features
2026-05-08 10:41:13,549 | INFO | Processing user 4/88: raw_kmt_user_0004.json
2026-05-08 10:41:13,633 | INFO | Rows from raw_kmt_user_0004.json: 309; fitting 4 models x 6 features
2026-05-08 10:41:13,669 | INFO | Processing user 5/88: raw_kmt_user_0005.json
2026-05-08 10:41:13,796 | INFO | Rows from raw_kmt_user_0005.json: 447; fitting 4 models x 6 features
2026-05-08 10:41:13,829 | INFO | Processing user 6/88: raw_kmt_user_0006.json
2026-05-08 10:41:13,897 | INFO | Rows from raw_kmt_user_0006.json: 313; fitting 4 models x 6 features
2026-05-08 10:41:13,927 | INFO | Processing user 7/88: raw_kmt_user_0007.json
2026-05-08 10:41:14,018 | INFO | Rows from raw_kmt_user_0007.json: 393; fitting 4 models x 6 features
2026-05-08 10:41:14,050 | INFO | Processing user 8/88: raw_kmt_user_0008.json
2026-05-08 10:41:14,097 | INFO | Rows from raw_kmt_user_0008.json: 198; fitting 4 models x 6 features
2026-05-08 10:41:14,128 | INFO | Processing user 9/88: raw_kmt_user_0009.json
2026-05-08 10:41:14,253 | INFO | Rows from raw_kmt_user_0009.json: 410; fitting 4 models x 6 features
2026-05-08 10:41:14,295 | INFO | Processing user 10/88: raw_kmt_user_0010.json
2026-05-08 10:41:14,430 | INFO | Rows from raw_kmt_user_0010.json: 346; fitting 4 models x 6 features
2026-05-08 10:41:14,467 | INFO | Processing user 11/88: raw_kmt_user_0011.json
2026-05-08 10:41:14,529 | INFO | Rows from raw_kmt_user_0011.json: 217; fitting 4 models x 6 features
2026-05-08 10:41:14,566 | INFO | Processing user 12/88: raw_kmt_user_0012.json
2026-05-08 10:41:14,681 | INFO | Rows from raw_kmt_user_0012.json: 376; fitting 4 models x 6 features
2026-05-08 10:41:14,718 | INFO | Processing user 13/88: raw_kmt_user_0013.json
2026-05-08 10:41:14,835 | INFO | Rows from raw_kmt_user_0013.json: 466; fitting 4 models x 6 features
2026-05-08 10:41:14,873 | INFO | Processing user 14/88: raw_kmt_user_0014.json
2026-05-08 10:41:15,009 | INFO | Rows from raw_kmt_user_0014.json: 447; fitting 4 models x 6 features
2026-05-08 10:41:15,044 | INFO | Processing user 15/88: raw_kmt_user_0015.json
2026-05-08 10:41:15,138 | INFO | Rows from raw_kmt_user_0015.json: 461; fitting 4 models x 6 features
2026-05-08 10:41:15,178 | INFO | Processing user 16/88: raw_kmt_user_0016.json
2026-05-08 10:41:15,349 | INFO | Rows from raw_kmt_user_0016.json: 781; fitting 4 models x 6 features
2026-05-08 10:41:15,385 | INFO | Processing user 17/88: raw_kmt_user_0017.json
2026-05-08 10:41:15,521 | INFO | Rows from raw_kmt_user_0017.json: 541; fitting 4 models x 6 features
2026-05-08 10:41:15,556 | INFO | Processing user 18/88: raw_kmt_user_0018.json
2026-05-08 10:41:15,797 | INFO | Rows from raw_kmt_user_0018.json: 941; fitting 4 models x 6 features
2026-05-08 10:41:15,836 | INFO | Processing user 19/88: raw_kmt_user_0019.json
2026-05-08 10:41:16,011 | INFO | Rows from raw_kmt_user_0019.json: 669; fitting 4 models x 6 features
2026-05-08 10:41:16,046 | INFO | Processing user 20/88: raw_kmt_user_0020.json
2026-05-08 10:41:16,161 | INFO | Rows from raw_kmt_user_0020.json: 489; fitting 4 models x 6 features
2026-05-08 10:41:16,195 | INFO | Processing user 21/88: raw_kmt_user_0021.json
2026-05-08 10:41:16,327 | INFO | Rows from raw_kmt_user_0021.json: 371; fitting 4 models x 6 features
2026-05-08 10:41:16,359 | INFO | Processing user 22/88: raw_kmt_user_0022.json
2026-05-08 10:41:16,432 | INFO | Rows from raw_kmt_user_0022.json: 352; fitting 4 models x 6 features
2026-05-08 10:41:16,463 | INFO | Processing user 23/88: raw_kmt_user_0023.json
2026-05-08 10:41:16,518 | INFO | Rows from raw_kmt_user_0023.json: 203; fitting 4 models x 6 features
2026-05-08 10:41:16,551 | INFO | Processing user 24/88: raw_kmt_user_0024.json
2026-05-08 10:41:16,629 | INFO | Rows from raw_kmt_user_0024.json: 451; fitting 4 models x 6 features
2026-05-08 10:41:16,662 | INFO | Processing user 25/88: raw_kmt_user_0025.json
2026-05-08 10:41:16,733 | INFO | Rows from raw_kmt_user_0025.json: 279; fitting 4 models x 6 features
2026-05-08 10:41:16,765 | INFO | Processing user 26/88: raw_kmt_user_0026.json
2026-05-08 10:41:16,869 | INFO | Rows from raw_kmt_user_0026.json: 395; fitting 4 models x 6 features
2026-05-08 10:41:16,903 | INFO | Processing user 27/88: raw_kmt_user_0027.json
2026-05-08 10:41:17,006 | INFO | Rows from raw_kmt_user_0027.json: 359; fitting 4 models x 6 features
2026-05-08 10:41:17,042 | INFO | Processing user 28/88: raw_kmt_user_0028.json
2026-05-08 10:41:17,142 | INFO | Rows from raw_kmt_user_0028.json: 386; fitting 4 models x 6 features
2026-05-08 10:41:17,178 | INFO | Processing user 29/88: raw_kmt_user_0029.json
2026-05-08 10:41:17,272 | INFO | Rows from raw_kmt_user_0029.json: 381; fitting 4 models x 6 features
2026-05-08 10:41:17,304 | INFO | Processing user 30/88: raw_kmt_user_0030.json
2026-05-08 10:41:17,414 | INFO | Rows from raw_kmt_user_0030.json: 503; fitting 4 models x 6 features
2026-05-08 10:41:17,446 | INFO | Processing user 31/88: raw_kmt_user_0031.json
2026-05-08 10:41:17,522 | INFO | Rows from raw_kmt_user_0031.json: 270; fitting 4 models x 6 features
2026-05-08 10:41:17,552 | INFO | Processing user 32/88: raw_kmt_user_0032.json
2026-05-08 10:41:17,634 | INFO | Rows from raw_kmt_user_0032.json: 346; fitting 4 models x 6 features
2026-05-08 10:41:17,664 | INFO | Processing user 33/88: raw_kmt_user_0033.json
2026-05-08 10:41:17,721 | INFO | Rows from raw_kmt_user_0033.json: 275; fitting 4 models x 6 features
2026-05-08 10:41:17,751 | INFO | Processing user 34/88: raw_kmt_user_0034.json
2026-05-08 10:41:17,811 | INFO | Rows from raw_kmt_user_0034.json: 310; fitting 4 models x 6 features
2026-05-08 10:41:17,845 | INFO | Processing user 35/88: raw_kmt_user_0035.json
2026-05-08 10:41:17,958 | INFO | Rows from raw_kmt_user_0035.json: 416; fitting 4 models x 6 features
2026-05-08 10:41:17,992 | INFO | Processing user 36/88: raw_kmt_user_0036.json
2026-05-08 10:41:18,119 | INFO | Rows from raw_kmt_user_0036.json: 491; fitting 4 models x 6 features
2026-05-08 10:41:18,154 | INFO | Processing user 37/88: raw_kmt_user_0037.json
2026-05-08 10:41:18,226 | INFO | Rows from raw_kmt_user_0037.json: 382; fitting 4 models x 6 features
2026-05-08 10:41:18,262 | INFO | Processing user 38/88: raw_kmt_user_0038.json
2026-05-08 10:41:18,357 | INFO | Rows from raw_kmt_user_0038.json: 377; fitting 4 models x 6 features
2026-05-08 10:41:18,392 | INFO | Processing user 39/88: raw_kmt_user_0039.json
2026-05-08 10:41:18,485 | INFO | Rows from raw_kmt_user_0039.json: 322; fitting 4 models x 6 features
2026-05-08 10:41:18,518 | INFO | Processing user 40/88: raw_kmt_user_0040.json
2026-05-08 10:41:18,636 | INFO | Rows from raw_kmt_user_0040.json: 395; fitting 4 models x 6 features
2026-05-08 10:41:18,670 | INFO | Processing user 41/88: raw_kmt_user_0041.json
2026-05-08 10:41:18,799 | INFO | Rows from raw_kmt_user_0041.json: 776; fitting 4 models x 6 features
2026-05-08 10:41:18,839 | INFO | Processing user 42/88: raw_kmt_user_0042.json
2026-05-08 10:41:18,918 | INFO | Rows from raw_kmt_user_0042.json: 279; fitting 4 models x 6 features
2026-05-08 10:41:18,955 | INFO | Processing user 43/88: raw_kmt_user_0043.json
2026-05-08 10:41:19,022 | INFO | Rows from raw_kmt_user_0043.json: 384; fitting 4 models x 6 features
2026-05-08 10:41:19,059 | INFO | Processing user 44/88: raw_kmt_user_0044.json
2026-05-08 10:41:19,152 | INFO | Rows from raw_kmt_user_0044.json: 333; fitting 4 models x 6 features
2026-05-08 10:41:19,186 | INFO | Processing user 45/88: raw_kmt_user_0045.json
2026-05-08 10:41:19,314 | INFO | Rows from raw_kmt_user_0045.json: 370; fitting 4 models x 6 features
2026-05-08 10:41:19,347 | INFO | Processing user 46/88: raw_kmt_user_0046.json
2026-05-08 10:41:19,462 | INFO | Rows from raw_kmt_user_0046.json: 466; fitting 4 models x 6 features
2026-05-08 10:41:19,495 | INFO | Processing user 47/88: raw_kmt_user_0047.json
2026-05-08 10:41:19,596 | INFO | Rows from raw_kmt_user_0047.json: 381; fitting 4 models x 6 features
2026-05-08 10:41:19,633 | INFO | Processing user 48/88: raw_kmt_user_0048.json
2026-05-08 10:41:19,843 | INFO | Rows from raw_kmt_user_0048.json: 708; fitting 4 models x 6 features
2026-05-08 10:41:19,880 | INFO | Processing user 49/88: raw_kmt_user_0049.json
2026-05-08 10:41:20,065 | INFO | Rows from raw_kmt_user_0049.json: 601; fitting 4 models x 6 features
2026-05-08 10:41:20,097 | INFO | Processing user 50/88: raw_kmt_user_0050.json
2026-05-08 10:41:20,222 | INFO | Rows from raw_kmt_user_0050.json: 515; fitting 4 models x 6 features
2026-05-08 10:41:20,256 | INFO | Processing user 51/88: raw_kmt_user_0051.json
2026-05-08 10:41:20,318 | INFO | Rows from raw_kmt_user_0051.json: 240; fitting 4 models x 6 features
2026-05-08 10:41:20,353 | INFO | Processing user 52/88: raw_kmt_user_0052.json
2026-05-08 10:41:20,426 | INFO | Rows from raw_kmt_user_0052.json: 392; fitting 4 models x 6 features
2026-05-08 10:41:20,457 | INFO | Processing user 53/88: raw_kmt_user_0053.json
2026-05-08 10:41:20,663 | INFO | Rows from raw_kmt_user_0053.json: 514; fitting 4 models x 6 features
2026-05-08 10:41:20,698 | INFO | Processing user 54/88: raw_kmt_user_0054.json
2026-05-08 10:41:20,780 | INFO | Rows from raw_kmt_user_0054.json: 362; fitting 4 models x 6 features
2026-05-08 10:41:20,813 | INFO | Processing user 55/88: raw_kmt_user_0055.json
2026-05-08 10:41:20,884 | INFO | Rows from raw_kmt_user_0055.json: 550; fitting 4 models x 6 features
2026-05-08 10:41:20,919 | INFO | Processing user 56/88: raw_kmt_user_0056.json
2026-05-08 10:41:21,010 | INFO | Rows from raw_kmt_user_0056.json: 691; fitting 4 models x 6 features
2026-05-08 10:41:21,042 | INFO | Processing user 57/88: raw_kmt_user_0057.json
2026-05-08 10:41:21,222 | INFO | Rows from raw_kmt_user_0057.json: 1298; fitting 4 models x 6 features
2026-05-08 10:41:21,260 | INFO | Processing user 58/88: raw_kmt_user_0058.json
2026-05-08 10:41:21,348 | INFO | Rows from raw_kmt_user_0058.json: 370; fitting 4 models x 6 features
2026-05-08 10:41:21,380 | INFO | Processing user 59/88: raw_kmt_user_0059.json
2026-05-08 10:41:21,541 | INFO | Rows from raw_kmt_user_0059.json: 811; fitting 4 models x 6 features
2026-05-08 10:41:21,580 | INFO | Processing user 60/88: raw_kmt_user_0060.json
2026-05-08 10:41:21,640 | INFO | Rows from raw_kmt_user_0060.json: 320; fitting 4 models x 6 features
2026-05-08 10:41:21,678 | INFO | Processing user 61/88: raw_kmt_user_0061.json
2026-05-08 10:41:21,853 | INFO | Rows from raw_kmt_user_0061.json: 580; fitting 4 models x 6 features
2026-05-08 10:41:21,889 | INFO | Processing user 62/88: raw_kmt_user_0062.json
2026-05-08 10:41:21,968 | INFO | Rows from raw_kmt_user_0062.json: 643; fitting 4 models x 6 features
2026-05-08 10:41:22,003 | INFO | Processing user 63/88: raw_kmt_user_0063.json
2026-05-08 10:41:22,086 | INFO | Rows from raw_kmt_user_0063.json: 1011; fitting 4 models x 6 features
2026-05-08 10:41:22,124 | INFO | Processing user 64/88: raw_kmt_user_0064.json
2026-05-08 10:41:22,195 | INFO | Rows from raw_kmt_user_0064.json: 608; fitting 4 models x 6 features
2026-05-08 10:41:22,231 | INFO | Processing user 65/88: raw_kmt_user_0065.json
2026-05-08 10:41:22,391 | INFO | Rows from raw_kmt_user_0065.json: 566; fitting 4 models x 6 features
2026-05-08 10:41:22,429 | INFO | Processing user 66/88: raw_kmt_user_0066.json
2026-05-08 10:41:22,817 | INFO | Rows from raw_kmt_user_0066.json: 1651; fitting 4 models x 6 features
2026-05-08 10:41:22,858 | INFO | Processing user 67/88: raw_kmt_user_0067.json
2026-05-08 10:41:23,000 | INFO | Rows from raw_kmt_user_0067.json: 566; fitting 4 models x 6 features
2026-05-08 10:41:23,034 | INFO | Processing user 68/88: raw_kmt_user_0068.json
2026-05-08 10:41:23,151 | INFO | Rows from raw_kmt_user_0068.json: 600; fitting 4 models x 6 features
2026-05-08 10:41:23,186 | INFO | Processing user 69/88: raw_kmt_user_0069.json
2026-05-08 10:41:23,273 | INFO | Rows from raw_kmt_user_0069.json: 313; fitting 4 models x 6 features
2026-05-08 10:41:23,308 | INFO | Processing user 70/88: raw_kmt_user_0070.json
2026-05-08 10:41:23,418 | INFO | Rows from raw_kmt_user_0070.json: 360; fitting 4 models x 6 features
2026-05-08 10:41:23,450 | INFO | Processing user 71/88: raw_kmt_user_0071.json
2026-05-08 10:41:23,601 | INFO | Rows from raw_kmt_user_0071.json: 349; fitting 4 models x 6 features
2026-05-08 10:41:23,632 | INFO | Processing user 72/88: raw_kmt_user_0072.json
2026-05-08 10:41:23,689 | INFO | Rows from raw_kmt_user_0072.json: 246; fitting 4 models x 6 features
2026-05-08 10:41:23,721 | INFO | Processing user 73/88: raw_kmt_user_0073.json
2026-05-08 10:41:23,818 | INFO | Rows from raw_kmt_user_0073.json: 295; fitting 4 models x 6 features
2026-05-08 10:41:23,848 | INFO | Processing user 74/88: raw_kmt_user_0074.json
2026-05-08 10:41:23,914 | INFO | Rows from raw_kmt_user_0074.json: 307; fitting 4 models x 6 features
2026-05-08 10:41:23,945 | INFO | Processing user 75/88: raw_kmt_user_0075.json
2026-05-08 10:41:24,055 | INFO | Rows from raw_kmt_user_0075.json: 302; fitting 4 models x 6 features
2026-05-08 10:41:24,084 | INFO | Processing user 76/88: raw_kmt_user_0076.json
2026-05-08 10:41:24,186 | INFO | Rows from raw_kmt_user_0076.json: 350; fitting 4 models x 6 features
2026-05-08 10:41:24,220 | INFO | Processing user 77/88: raw_kmt_user_0077.json
2026-05-08 10:41:24,412 | INFO | Rows from raw_kmt_user_0077.json: 780; fitting 4 models x 6 features
2026-05-08 10:41:24,449 | INFO | Processing user 78/88: raw_kmt_user_0078.json
2026-05-08 10:41:24,630 | INFO | Rows from raw_kmt_user_0078.json: 478; fitting 4 models x 6 features
2026-05-08 10:41:24,667 | INFO | Processing user 79/88: raw_kmt_user_0079.json
2026-05-08 10:41:24,820 | INFO | Rows from raw_kmt_user_0079.json: 374; fitting 4 models x 6 features
2026-05-08 10:41:24,855 | INFO | Processing user 80/88: raw_kmt_user_0080.json
2026-05-08 10:41:25,019 | INFO | Rows from raw_kmt_user_0080.json: 447; fitting 4 models x 6 features
2026-05-08 10:41:25,055 | INFO | Processing user 81/88: raw_kmt_user_0081.json
2026-05-08 10:41:25,266 | INFO | Rows from raw_kmt_user_0081.json: 862; fitting 4 models x 6 features
2026-05-08 10:41:25,300 | INFO | Processing user 82/88: raw_kmt_user_0082.json
2026-05-08 10:41:25,413 | INFO | Rows from raw_kmt_user_0082.json: 639; fitting 4 models x 6 features
2026-05-08 10:41:25,449 | INFO | Processing user 83/88: raw_kmt_user_0083.json
2026-05-08 10:41:25,565 | INFO | Rows from raw_kmt_user_0083.json: 603; fitting 4 models x 6 features
2026-05-08 10:41:25,601 | INFO | Processing user 84/88: raw_kmt_user_0084.json
2026-05-08 10:41:25,809 | INFO | Rows from raw_kmt_user_0084.json: 753; fitting 4 models x 6 features
2026-05-08 10:41:25,846 | INFO | Processing user 85/88: raw_kmt_user_0085.json
2026-05-08 10:41:25,973 | INFO | Rows from raw_kmt_user_0085.json: 740; fitting 4 models x 6 features
2026-05-08 10:41:26,006 | INFO | Processing user 86/88: raw_kmt_user_0086.json
2026-05-08 10:41:26,138 | INFO | Rows from raw_kmt_user_0086.json: 1063; fitting 4 models x 6 features
2026-05-08 10:41:26,173 | INFO | Processing user 87/88: raw_kmt_user_0087.json
2026-05-08 10:41:26,349 | INFO | Rows from raw_kmt_user_0087.json: 978; fitting 4 models x 6 features
2026-05-08 10:41:26,388 | INFO | Processing user 88/88: raw_kmt_user_0088.json
2026-05-08 10:41:26,495 | INFO | Rows from raw_kmt_user_0088.json: 574; fitting 4 models x 6 features
2026-05-08 10:41:26,836 | INFO | Saved merged feature rows: features_all_users_merged.csv (rows=43477, users_with_rows=88)
2026-05-08 10:41:26,856 | INFO | Saved per-user model fits: model_fit_per_user_all_models.csv (2112 rows)
2026-05-08 10:41:27,054 | INFO | Saved aggregated summary: model_fit_aggregated_summary.csv
2026-05-08 10:41:27,054 | INFO | Saved vote detail: model_fit_aggregated_vote_counts.csv
2026-05-08 10:41:27,054 | INFO | Saved weighted means by model: model_fit_aggregated_weighted_by_model.csv
2026-05-08 10:41:27,055 | INFO | Evaluation finished in 13.92 sec
2026-05-08 10:41:27,059 | INFO | Aggregated model choice (per-user fits combined):
      feature best_majority_vote_aic best_majority_vote_bic  n_users_with_votes best_weighted_mean_aic best_weighted_mean_bic best_sum_log_likelihood
   dwell_mean             Log-normal             Log-normal                  88             Log-normal             Log-normal              Log-normal
    dwell_std             Log-normal             Log-normal                  88                Weibull                Weibull                 Weibull
  flight_mean                  Gamma                  Gamma                  88                  Gamma                  Gamma                   Gamma
   flight_std                Weibull                Weibull                  88                Weibull                Weibull                 Weibull
velocity_mean                Weibull                Weibull                  88                Weibull                Weibull                 Weibull
 velocity_std                  Gamma                  Gamma                  88                  Gamma                  Gamma                   Gamma
2026-05-08 10:41:27,060 | INFO | Per-user fit rows: 2112
2026-05-08 10:44:51,469 | INFO | Found 88 user files from ./raw_kmt_dataset (true_data only, sequence_break=10.0s, session_break=30.0s)
2026-05-08 10:44:51,470 | INFO | Processing user 1/88: raw_kmt_user_0001.json
2026-05-08 10:44:51,510 | INFO | Rows from raw_kmt_user_0001.json: 171; fitting 4 models x 6 features
2026-05-08 10:44:51,544 | INFO | Processing user 2/88: raw_kmt_user_0002.json
2026-05-08 10:44:51,665 | INFO | Rows from raw_kmt_user_0002.json: 335; fitting 4 models x 6 features
2026-05-08 10:44:51,698 | INFO | Processing user 3/88: raw_kmt_user_0003.json
2026-05-08 10:44:51,888 | INFO | Rows from raw_kmt_user_0003.json: 504; fitting 4 models x 6 features
2026-05-08 10:44:51,927 | INFO | Processing user 4/88: raw_kmt_user_0004.json
2026-05-08 10:44:52,022 | INFO | Rows from raw_kmt_user_0004.json: 309; fitting 4 models x 6 features
2026-05-08 10:44:52,058 | INFO | Processing user 5/88: raw_kmt_user_0005.json
2026-05-08 10:44:52,196 | INFO | Rows from raw_kmt_user_0005.json: 447; fitting 4 models x 6 features
2026-05-08 10:44:52,233 | INFO | Processing user 6/88: raw_kmt_user_0006.json
2026-05-08 10:44:52,305 | INFO | Rows from raw_kmt_user_0006.json: 313; fitting 4 models x 6 features
2026-05-08 10:44:52,343 | INFO | Processing user 7/88: raw_kmt_user_0007.json
2026-05-08 10:44:52,442 | INFO | Rows from raw_kmt_user_0007.json: 393; fitting 4 models x 6 features
2026-05-08 10:44:52,475 | INFO | Processing user 8/88: raw_kmt_user_0008.json
2026-05-08 10:44:52,524 | INFO | Rows from raw_kmt_user_0008.json: 198; fitting 4 models x 6 features
2026-05-08 10:44:52,557 | INFO | Processing user 9/88: raw_kmt_user_0009.json
2026-05-08 10:44:52,659 | INFO | Rows from raw_kmt_user_0009.json: 410; fitting 4 models x 6 features
2026-05-08 10:44:52,692 | INFO | Processing user 10/88: raw_kmt_user_0010.json
2026-05-08 10:44:52,820 | INFO | Rows from raw_kmt_user_0010.json: 346; fitting 4 models x 6 features
2026-05-08 10:44:52,856 | INFO | Processing user 11/88: raw_kmt_user_0011.json
2026-05-08 10:44:52,913 | INFO | Rows from raw_kmt_user_0011.json: 217; fitting 4 models x 6 features
2026-05-08 10:44:52,947 | INFO | Processing user 12/88: raw_kmt_user_0012.json
2026-05-08 10:44:53,061 | INFO | Rows from raw_kmt_user_0012.json: 376; fitting 4 models x 6 features
2026-05-08 10:44:53,100 | INFO | Processing user 13/88: raw_kmt_user_0013.json
2026-05-08 10:44:53,208 | INFO | Rows from raw_kmt_user_0013.json: 466; fitting 4 models x 6 features
2026-05-08 10:44:53,246 | INFO | Processing user 14/88: raw_kmt_user_0014.json
2026-05-08 10:44:53,374 | INFO | Rows from raw_kmt_user_0014.json: 447; fitting 4 models x 6 features
2026-05-08 10:44:53,409 | INFO | Processing user 15/88: raw_kmt_user_0015.json
2026-05-08 10:44:53,497 | INFO | Rows from raw_kmt_user_0015.json: 461; fitting 4 models x 6 features
2026-05-08 10:44:53,535 | INFO | Processing user 16/88: raw_kmt_user_0016.json
2026-05-08 10:44:53,699 | INFO | Rows from raw_kmt_user_0016.json: 781; fitting 4 models x 6 features
2026-05-08 10:44:53,734 | INFO | Processing user 17/88: raw_kmt_user_0017.json
2026-05-08 10:44:53,854 | INFO | Rows from raw_kmt_user_0017.json: 541; fitting 4 models x 6 features
2026-05-08 10:44:53,884 | INFO | Processing user 18/88: raw_kmt_user_0018.json
2026-05-08 10:44:54,099 | INFO | Rows from raw_kmt_user_0018.json: 941; fitting 4 models x 6 features
2026-05-08 10:44:54,136 | INFO | Processing user 19/88: raw_kmt_user_0019.json
2026-05-08 10:44:54,297 | INFO | Rows from raw_kmt_user_0019.json: 669; fitting 4 models x 6 features
2026-05-08 10:44:54,330 | INFO | Processing user 20/88: raw_kmt_user_0020.json
2026-05-08 10:44:54,438 | INFO | Rows from raw_kmt_user_0020.json: 489; fitting 4 models x 6 features
2026-05-08 10:44:54,471 | INFO | Processing user 21/88: raw_kmt_user_0021.json
2026-05-08 10:44:54,597 | INFO | Rows from raw_kmt_user_0021.json: 371; fitting 4 models x 6 features
2026-05-08 10:44:54,628 | INFO | Processing user 22/88: raw_kmt_user_0022.json
2026-05-08 10:44:54,702 | INFO | Rows from raw_kmt_user_0022.json: 352; fitting 4 models x 6 features
2026-05-08 10:44:54,735 | INFO | Processing user 23/88: raw_kmt_user_0023.json
2026-05-08 10:44:54,788 | INFO | Rows from raw_kmt_user_0023.json: 203; fitting 4 models x 6 features
2026-05-08 10:44:54,819 | INFO | Processing user 24/88: raw_kmt_user_0024.json
2026-05-08 10:44:54,895 | INFO | Rows from raw_kmt_user_0024.json: 451; fitting 4 models x 6 features
2026-05-08 10:44:54,927 | INFO | Processing user 25/88: raw_kmt_user_0025.json
2026-05-08 10:44:54,996 | INFO | Rows from raw_kmt_user_0025.json: 279; fitting 4 models x 6 features
2026-05-08 10:44:55,028 | INFO | Processing user 26/88: raw_kmt_user_0026.json
2026-05-08 10:44:55,130 | INFO | Rows from raw_kmt_user_0026.json: 395; fitting 4 models x 6 features
2026-05-08 10:44:55,165 | INFO | Processing user 27/88: raw_kmt_user_0027.json
2026-05-08 10:44:55,266 | INFO | Rows from raw_kmt_user_0027.json: 359; fitting 4 models x 6 features
2026-05-08 10:44:55,298 | INFO | Processing user 28/88: raw_kmt_user_0028.json
2026-05-08 10:44:55,399 | INFO | Rows from raw_kmt_user_0028.json: 386; fitting 4 models x 6 features
2026-05-08 10:44:55,435 | INFO | Processing user 29/88: raw_kmt_user_0029.json
2026-05-08 10:44:55,528 | INFO | Rows from raw_kmt_user_0029.json: 381; fitting 4 models x 6 features
2026-05-08 10:44:55,560 | INFO | Processing user 30/88: raw_kmt_user_0030.json
2026-05-08 10:44:55,682 | INFO | Rows from raw_kmt_user_0030.json: 503; fitting 4 models x 6 features
2026-05-08 10:44:55,716 | INFO | Processing user 31/88: raw_kmt_user_0031.json
2026-05-08 10:44:55,795 | INFO | Rows from raw_kmt_user_0031.json: 270; fitting 4 models x 6 features
2026-05-08 10:44:55,827 | INFO | Processing user 32/88: raw_kmt_user_0032.json
2026-05-08 10:44:55,916 | INFO | Rows from raw_kmt_user_0032.json: 346; fitting 4 models x 6 features
2026-05-08 10:44:55,949 | INFO | Processing user 33/88: raw_kmt_user_0033.json
2026-05-08 10:44:56,009 | INFO | Rows from raw_kmt_user_0033.json: 275; fitting 4 models x 6 features
2026-05-08 10:44:56,041 | INFO | Processing user 34/88: raw_kmt_user_0034.json
2026-05-08 10:44:56,104 | INFO | Rows from raw_kmt_user_0034.json: 310; fitting 4 models x 6 features
2026-05-08 10:44:56,141 | INFO | Processing user 35/88: raw_kmt_user_0035.json
2026-05-08 10:44:56,254 | INFO | Rows from raw_kmt_user_0035.json: 416; fitting 4 models x 6 features
2026-05-08 10:44:56,291 | INFO | Processing user 36/88: raw_kmt_user_0036.json
2026-05-08 10:44:56,421 | INFO | Rows from raw_kmt_user_0036.json: 491; fitting 4 models x 6 features
2026-05-08 10:44:56,456 | INFO | Processing user 37/88: raw_kmt_user_0037.json
2026-05-08 10:44:56,530 | INFO | Rows from raw_kmt_user_0037.json: 382; fitting 4 models x 6 features
2026-05-08 10:44:56,565 | INFO | Processing user 38/88: raw_kmt_user_0038.json
2026-05-08 10:44:56,664 | INFO | Rows from raw_kmt_user_0038.json: 377; fitting 4 models x 6 features
2026-05-08 10:44:56,698 | INFO | Processing user 39/88: raw_kmt_user_0039.json
2026-05-08 10:44:56,792 | INFO | Rows from raw_kmt_user_0039.json: 322; fitting 4 models x 6 features
2026-05-08 10:44:56,824 | INFO | Processing user 40/88: raw_kmt_user_0040.json
2026-05-08 10:44:56,942 | INFO | Rows from raw_kmt_user_0040.json: 395; fitting 4 models x 6 features
2026-05-08 10:44:56,974 | INFO | Processing user 41/88: raw_kmt_user_0041.json
2026-05-08 10:44:57,101 | INFO | Rows from raw_kmt_user_0041.json: 776; fitting 4 models x 6 features
2026-05-08 10:44:57,138 | INFO | Processing user 42/88: raw_kmt_user_0042.json
2026-05-08 10:44:57,212 | INFO | Rows from raw_kmt_user_0042.json: 279; fitting 4 models x 6 features
2026-05-08 10:44:57,247 | INFO | Processing user 43/88: raw_kmt_user_0043.json
2026-05-08 10:44:57,309 | INFO | Rows from raw_kmt_user_0043.json: 384; fitting 4 models x 6 features
2026-05-08 10:44:57,347 | INFO | Processing user 44/88: raw_kmt_user_0044.json
2026-05-08 10:44:57,433 | INFO | Rows from raw_kmt_user_0044.json: 333; fitting 4 models x 6 features
2026-05-08 10:44:57,465 | INFO | Processing user 45/88: raw_kmt_user_0045.json
2026-05-08 10:44:57,581 | INFO | Rows from raw_kmt_user_0045.json: 370; fitting 4 models x 6 features
2026-05-08 10:44:57,617 | INFO | Processing user 46/88: raw_kmt_user_0046.json
2026-05-08 10:44:57,726 | INFO | Rows from raw_kmt_user_0046.json: 466; fitting 4 models x 6 features
2026-05-08 10:44:57,762 | INFO | Processing user 47/88: raw_kmt_user_0047.json
2026-05-08 10:44:57,860 | INFO | Rows from raw_kmt_user_0047.json: 381; fitting 4 models x 6 features
2026-05-08 10:44:57,895 | INFO | Processing user 48/88: raw_kmt_user_0048.json
2026-05-08 10:44:58,094 | INFO | Rows from raw_kmt_user_0048.json: 708; fitting 4 models x 6 features
2026-05-08 10:44:58,129 | INFO | Processing user 49/88: raw_kmt_user_0049.json
2026-05-08 10:44:58,305 | INFO | Rows from raw_kmt_user_0049.json: 601; fitting 4 models x 6 features
2026-05-08 10:44:58,337 | INFO | Processing user 50/88: raw_kmt_user_0050.json
2026-05-08 10:44:58,461 | INFO | Rows from raw_kmt_user_0050.json: 515; fitting 4 models x 6 features
2026-05-08 10:44:58,493 | INFO | Processing user 51/88: raw_kmt_user_0051.json
2026-05-08 10:44:58,558 | INFO | Rows from raw_kmt_user_0051.json: 240; fitting 4 models x 6 features
2026-05-08 10:44:58,592 | INFO | Processing user 52/88: raw_kmt_user_0052.json
2026-05-08 10:44:58,664 | INFO | Rows from raw_kmt_user_0052.json: 392; fitting 4 models x 6 features
2026-05-08 10:44:58,695 | INFO | Processing user 53/88: raw_kmt_user_0053.json
2026-05-08 10:44:58,895 | INFO | Rows from raw_kmt_user_0053.json: 514; fitting 4 models x 6 features
2026-05-08 10:44:58,930 | INFO | Processing user 54/88: raw_kmt_user_0054.json
2026-05-08 10:44:59,013 | INFO | Rows from raw_kmt_user_0054.json: 362; fitting 4 models x 6 features
2026-05-08 10:44:59,045 | INFO | Processing user 55/88: raw_kmt_user_0055.json
2026-05-08 10:44:59,115 | INFO | Rows from raw_kmt_user_0055.json: 550; fitting 4 models x 6 features
2026-05-08 10:44:59,153 | INFO | Processing user 56/88: raw_kmt_user_0056.json
2026-05-08 10:44:59,244 | INFO | Rows from raw_kmt_user_0056.json: 691; fitting 4 models x 6 features
2026-05-08 10:44:59,277 | INFO | Processing user 57/88: raw_kmt_user_0057.json
2026-05-08 10:44:59,454 | INFO | Rows from raw_kmt_user_0057.json: 1298; fitting 4 models x 6 features
2026-05-08 10:44:59,491 | INFO | Processing user 58/88: raw_kmt_user_0058.json
2026-05-08 10:44:59,577 | INFO | Rows from raw_kmt_user_0058.json: 370; fitting 4 models x 6 features
2026-05-08 10:44:59,608 | INFO | Processing user 59/88: raw_kmt_user_0059.json
2026-05-08 10:44:59,760 | INFO | Rows from raw_kmt_user_0059.json: 811; fitting 4 models x 6 features
2026-05-08 10:44:59,796 | INFO | Processing user 60/88: raw_kmt_user_0060.json
2026-05-08 10:44:59,852 | INFO | Rows from raw_kmt_user_0060.json: 320; fitting 4 models x 6 features
2026-05-08 10:44:59,886 | INFO | Processing user 61/88: raw_kmt_user_0061.json
2026-05-08 10:45:00,047 | INFO | Rows from raw_kmt_user_0061.json: 580; fitting 4 models x 6 features
2026-05-08 10:45:00,080 | INFO | Processing user 62/88: raw_kmt_user_0062.json
2026-05-08 10:45:00,157 | INFO | Rows from raw_kmt_user_0062.json: 643; fitting 4 models x 6 features
2026-05-08 10:45:00,190 | INFO | Processing user 63/88: raw_kmt_user_0063.json
2026-05-08 10:45:00,267 | INFO | Rows from raw_kmt_user_0063.json: 1011; fitting 4 models x 6 features
2026-05-08 10:45:00,302 | INFO | Processing user 64/88: raw_kmt_user_0064.json
2026-05-08 10:45:00,372 | INFO | Rows from raw_kmt_user_0064.json: 608; fitting 4 models x 6 features
2026-05-08 10:45:00,407 | INFO | Processing user 65/88: raw_kmt_user_0065.json
2026-05-08 10:45:00,559 | INFO | Rows from raw_kmt_user_0065.json: 566; fitting 4 models x 6 features
2026-05-08 10:45:00,593 | INFO | Processing user 66/88: raw_kmt_user_0066.json
2026-05-08 10:45:00,967 | INFO | Rows from raw_kmt_user_0066.json: 1651; fitting 4 models x 6 features
2026-05-08 10:45:01,005 | INFO | Processing user 67/88: raw_kmt_user_0067.json
2026-05-08 10:45:01,139 | INFO | Rows from raw_kmt_user_0067.json: 566; fitting 4 models x 6 features
2026-05-08 10:45:01,171 | INFO | Processing user 68/88: raw_kmt_user_0068.json
2026-05-08 10:45:01,282 | INFO | Rows from raw_kmt_user_0068.json: 600; fitting 4 models x 6 features
2026-05-08 10:45:01,315 | INFO | Processing user 69/88: raw_kmt_user_0069.json
2026-05-08 10:45:01,400 | INFO | Rows from raw_kmt_user_0069.json: 313; fitting 4 models x 6 features
2026-05-08 10:45:01,432 | INFO | Processing user 70/88: raw_kmt_user_0070.json
2026-05-08 10:45:01,540 | INFO | Rows from raw_kmt_user_0070.json: 360; fitting 4 models x 6 features
2026-05-08 10:45:01,570 | INFO | Processing user 71/88: raw_kmt_user_0071.json
2026-05-08 10:45:01,718 | INFO | Rows from raw_kmt_user_0071.json: 349; fitting 4 models x 6 features
2026-05-08 10:45:01,748 | INFO | Processing user 72/88: raw_kmt_user_0072.json
2026-05-08 10:45:01,806 | INFO | Rows from raw_kmt_user_0072.json: 246; fitting 4 models x 6 features
2026-05-08 10:45:01,837 | INFO | Processing user 73/88: raw_kmt_user_0073.json
2026-05-08 10:45:01,933 | INFO | Rows from raw_kmt_user_0073.json: 295; fitting 4 models x 6 features
2026-05-08 10:45:01,964 | INFO | Processing user 74/88: raw_kmt_user_0074.json
2026-05-08 10:45:02,033 | INFO | Rows from raw_kmt_user_0074.json: 307; fitting 4 models x 6 features
2026-05-08 10:45:02,063 | INFO | Processing user 75/88: raw_kmt_user_0075.json
2026-05-08 10:45:02,177 | INFO | Rows from raw_kmt_user_0075.json: 302; fitting 4 models x 6 features
2026-05-08 10:45:02,207 | INFO | Processing user 76/88: raw_kmt_user_0076.json
2026-05-08 10:45:02,308 | INFO | Rows from raw_kmt_user_0076.json: 350; fitting 4 models x 6 features
2026-05-08 10:45:02,341 | INFO | Processing user 77/88: raw_kmt_user_0077.json
2026-05-08 10:45:02,504 | INFO | Rows from raw_kmt_user_0077.json: 780; fitting 4 models x 6 features
2026-05-08 10:45:02,537 | INFO | Processing user 78/88: raw_kmt_user_0078.json
2026-05-08 10:45:02,706 | INFO | Rows from raw_kmt_user_0078.json: 478; fitting 4 models x 6 features
2026-05-08 10:45:02,738 | INFO | Processing user 79/88: raw_kmt_user_0079.json
2026-05-08 10:45:02,876 | INFO | Rows from raw_kmt_user_0079.json: 374; fitting 4 models x 6 features
2026-05-08 10:45:02,911 | INFO | Processing user 80/88: raw_kmt_user_0080.json
2026-05-08 10:45:03,067 | INFO | Rows from raw_kmt_user_0080.json: 447; fitting 4 models x 6 features
2026-05-08 10:45:03,103 | INFO | Processing user 81/88: raw_kmt_user_0081.json
2026-05-08 10:45:03,310 | INFO | Rows from raw_kmt_user_0081.json: 862; fitting 4 models x 6 features
2026-05-08 10:45:03,343 | INFO | Processing user 82/88: raw_kmt_user_0082.json
2026-05-08 10:45:03,453 | INFO | Rows from raw_kmt_user_0082.json: 639; fitting 4 models x 6 features
2026-05-08 10:45:03,487 | INFO | Processing user 83/88: raw_kmt_user_0083.json
2026-05-08 10:45:03,594 | INFO | Rows from raw_kmt_user_0083.json: 603; fitting 4 models x 6 features
2026-05-08 10:45:03,629 | INFO | Processing user 84/88: raw_kmt_user_0084.json
2026-05-08 10:45:03,815 | INFO | Rows from raw_kmt_user_0084.json: 753; fitting 4 models x 6 features
2026-05-08 10:45:03,849 | INFO | Processing user 85/88: raw_kmt_user_0085.json
2026-05-08 10:45:03,968 | INFO | Rows from raw_kmt_user_0085.json: 740; fitting 4 models x 6 features
2026-05-08 10:45:03,999 | INFO | Processing user 86/88: raw_kmt_user_0086.json
2026-05-08 10:45:04,126 | INFO | Rows from raw_kmt_user_0086.json: 1063; fitting 4 models x 6 features
2026-05-08 10:45:04,162 | INFO | Processing user 87/88: raw_kmt_user_0087.json
2026-05-08 10:45:04,335 | INFO | Rows from raw_kmt_user_0087.json: 978; fitting 4 models x 6 features
2026-05-08 10:45:04,370 | INFO | Processing user 88/88: raw_kmt_user_0088.json
2026-05-08 10:45:04,475 | INFO | Rows from raw_kmt_user_0088.json: 574; fitting 4 models x 6 features
2026-05-08 10:45:04,796 | INFO | Saved merged feature rows: features_all_users_merged.csv (rows=43477, users_with_rows=88)
2026-05-08 10:45:04,813 | INFO | Saved per-user model fits: model_fit_per_user_all_models.csv (2112 rows)
2026-05-08 10:45:04,983 | INFO | Saved aggregated summary: model_fit_aggregated_summary.csv
2026-05-08 10:45:04,983 | INFO | Saved vote detail: model_fit_aggregated_vote_counts.csv
2026-05-08 10:45:04,983 | INFO | Saved weighted means by model: model_fit_aggregated_weighted_by_model.csv
2026-05-08 10:45:05,783 | INFO | Saved QQ plot: qqplots\dwell_mean__gaussian_qq.png
2026-05-08 10:45:05,984 | INFO | Saved QQ plot: qqplots\dwell_mean__log_normal_qq.png
2026-05-08 10:45:06,194 | INFO | Saved QQ plot: qqplots\dwell_mean__gamma_qq.png
2026-05-08 10:45:06,468 | INFO | Saved QQ plot: qqplots\dwell_mean__weibull_qq.png
2026-05-08 10:45:06,651 | INFO | Saved QQ plot: qqplots\dwell_std__gaussian_qq.png
2026-05-08 10:45:06,848 | INFO | Saved QQ plot: qqplots\dwell_std__log_normal_qq.png
2026-05-08 10:45:07,049 | INFO | Saved QQ plot: qqplots\dwell_std__gamma_qq.png
2026-05-08 10:45:07,289 | INFO | Saved QQ plot: qqplots\dwell_std__weibull_qq.png
2026-05-08 10:45:07,473 | INFO | Saved QQ plot: qqplots\flight_mean__gaussian_qq.png
2026-05-08 10:45:07,643 | INFO | Saved QQ plot: qqplots\flight_mean__log_normal_qq.png
2026-05-08 10:45:07,839 | INFO | Saved QQ plot: qqplots\flight_mean__gamma_qq.png
2026-05-08 10:45:08,056 | INFO | Saved QQ plot: qqplots\flight_mean__weibull_qq.png
2026-05-08 10:45:08,210 | INFO | Saved QQ plot: qqplots\flight_std__gaussian_qq.png
2026-05-08 10:45:08,380 | INFO | Saved QQ plot: qqplots\flight_std__log_normal_qq.png
2026-05-08 10:45:08,557 | INFO | Saved QQ plot: qqplots\flight_std__gamma_qq.png
2026-05-08 10:45:08,757 | INFO | Saved QQ plot: qqplots\flight_std__weibull_qq.png
2026-05-08 10:45:08,908 | INFO | Saved QQ plot: qqplots\velocity_mean__gaussian_qq.png
2026-05-08 10:45:09,113 | INFO | Saved QQ plot: qqplots\velocity_mean__log_normal_qq.png
2026-05-08 10:45:09,272 | INFO | Saved QQ plot: qqplots\velocity_mean__gamma_qq.png
2026-05-08 10:45:09,500 | INFO | Saved QQ plot: qqplots\velocity_mean__weibull_qq.png
2026-05-08 10:45:09,684 | INFO | Saved QQ plot: qqplots\velocity_std__gaussian_qq.png
2026-05-08 10:45:09,855 | INFO | Saved QQ plot: qqplots\velocity_std__log_normal_qq.png
2026-05-08 10:45:10,032 | INFO | Saved QQ plot: qqplots\velocity_std__gamma_qq.png
2026-05-08 10:45:10,247 | INFO | Saved QQ plot: qqplots\velocity_std__weibull_qq.png
2026-05-08 10:45:10,248 | INFO | Saved QQ plots to: qqplots
2026-05-08 10:45:10,248 | INFO | Evaluation finished in 18.78 sec
2026-05-08 10:45:10,253 | INFO | Aggregated model choice (per-user fits combined):
      feature best_majority_vote_aic best_majority_vote_bic  n_users_with_votes best_weighted_mean_aic best_weighted_mean_bic best_sum_log_likelihood
   dwell_mean             Log-normal             Log-normal                  88             Log-normal             Log-normal              Log-normal
    dwell_std             Log-normal             Log-normal                  88                Weibull                Weibull                 Weibull
  flight_mean                  Gamma                  Gamma                  88                  Gamma                  Gamma                   Gamma
   flight_std                Weibull                Weibull                  88                Weibull                Weibull                 Weibull
velocity_mean                Weibull                Weibull                  88                Weibull                Weibull                 Weibull
 velocity_std               Gaussian               Gaussian                  88               Gaussian               Gaussian                Gaussian
2026-05-08 10:45:10,253 | INFO | Per-user fit rows: 2112
2026-05-08 10:48:57,835 | INFO | Found 88 user files from ./raw_kmt_dataset (true_data only, sequence_break=10.0s, session_break=30.0s)
2026-05-08 10:48:57,836 | INFO | Processing user 1/88: raw_kmt_user_0001.json
2026-05-08 10:48:57,877 | INFO | Rows from raw_kmt_user_0001.json: 171; fitting 4 models x 6 features
2026-05-08 10:48:57,911 | INFO | Processing user 2/88: raw_kmt_user_0002.json
2026-05-08 10:48:58,035 | INFO | Rows from raw_kmt_user_0002.json: 335; fitting 4 models x 6 features
2026-05-08 10:48:58,068 | INFO | Processing user 3/88: raw_kmt_user_0003.json
2026-05-08 10:48:58,225 | INFO | Rows from raw_kmt_user_0003.json: 504; fitting 4 models x 6 features
2026-05-08 10:48:58,261 | INFO | Processing user 4/88: raw_kmt_user_0004.json
2026-05-08 10:48:58,349 | INFO | Rows from raw_kmt_user_0004.json: 309; fitting 4 models x 6 features
2026-05-08 10:48:58,383 | INFO | Processing user 5/88: raw_kmt_user_0005.json
2026-05-08 10:48:58,518 | INFO | Rows from raw_kmt_user_0005.json: 447; fitting 4 models x 6 features
2026-05-08 10:48:58,553 | INFO | Processing user 6/88: raw_kmt_user_0006.json
2026-05-08 10:48:58,625 | INFO | Rows from raw_kmt_user_0006.json: 313; fitting 4 models x 6 features
2026-05-08 10:48:58,659 | INFO | Processing user 7/88: raw_kmt_user_0007.json
2026-05-08 10:48:58,757 | INFO | Rows from raw_kmt_user_0007.json: 393; fitting 4 models x 6 features
2026-05-08 10:48:58,789 | INFO | Processing user 8/88: raw_kmt_user_0008.json
2026-05-08 10:48:58,839 | INFO | Rows from raw_kmt_user_0008.json: 198; fitting 4 models x 6 features
2026-05-08 10:48:58,872 | INFO | Processing user 9/88: raw_kmt_user_0009.json
2026-05-08 10:48:58,970 | INFO | Rows from raw_kmt_user_0009.json: 410; fitting 4 models x 6 features
2026-05-08 10:48:59,001 | INFO | Processing user 10/88: raw_kmt_user_0010.json
2026-05-08 10:48:59,118 | INFO | Rows from raw_kmt_user_0010.json: 346; fitting 4 models x 6 features
2026-05-08 10:48:59,152 | INFO | Processing user 11/88: raw_kmt_user_0011.json
2026-05-08 10:48:59,210 | INFO | Rows from raw_kmt_user_0011.json: 217; fitting 4 models x 6 features
2026-05-08 10:48:59,245 | INFO | Processing user 12/88: raw_kmt_user_0012.json
2026-05-08 10:48:59,350 | INFO | Rows from raw_kmt_user_0012.json: 376; fitting 4 models x 6 features
2026-05-08 10:48:59,387 | INFO | Processing user 13/88: raw_kmt_user_0013.json
2026-05-08 10:48:59,498 | INFO | Rows from raw_kmt_user_0013.json: 466; fitting 4 models x 6 features
2026-05-08 10:48:59,537 | INFO | Processing user 14/88: raw_kmt_user_0014.json
2026-05-08 10:48:59,674 | INFO | Rows from raw_kmt_user_0014.json: 447; fitting 4 models x 6 features
2026-05-08 10:48:59,710 | INFO | Processing user 15/88: raw_kmt_user_0015.json
2026-05-08 10:48:59,807 | INFO | Rows from raw_kmt_user_0015.json: 461; fitting 4 models x 6 features
2026-05-08 10:48:59,851 | INFO | Processing user 16/88: raw_kmt_user_0016.json
2026-05-08 10:49:00,024 | INFO | Rows from raw_kmt_user_0016.json: 781; fitting 4 models x 6 features
2026-05-08 10:49:00,064 | INFO | Processing user 17/88: raw_kmt_user_0017.json
2026-05-08 10:49:00,205 | INFO | Rows from raw_kmt_user_0017.json: 541; fitting 4 models x 6 features
2026-05-08 10:49:00,242 | INFO | Processing user 18/88: raw_kmt_user_0018.json
2026-05-08 10:49:00,501 | INFO | Rows from raw_kmt_user_0018.json: 941; fitting 4 models x 6 features
2026-05-08 10:49:00,543 | INFO | Processing user 19/88: raw_kmt_user_0019.json
2026-05-08 10:49:00,726 | INFO | Rows from raw_kmt_user_0019.json: 669; fitting 4 models x 6 features
2026-05-08 10:49:00,763 | INFO | Processing user 20/88: raw_kmt_user_0020.json
2026-05-08 10:49:00,879 | INFO | Rows from raw_kmt_user_0020.json: 489; fitting 4 models x 6 features
2026-05-08 10:49:00,915 | INFO | Processing user 21/88: raw_kmt_user_0021.json
2026-05-08 10:49:01,050 | INFO | Rows from raw_kmt_user_0021.json: 371; fitting 4 models x 6 features
2026-05-08 10:49:01,085 | INFO | Processing user 22/88: raw_kmt_user_0022.json
2026-05-08 10:49:01,165 | INFO | Rows from raw_kmt_user_0022.json: 352; fitting 4 models x 6 features
2026-05-08 10:49:01,198 | INFO | Processing user 23/88: raw_kmt_user_0023.json
2026-05-08 10:49:01,254 | INFO | Rows from raw_kmt_user_0023.json: 203; fitting 4 models x 6 features
2026-05-08 10:49:01,286 | INFO | Processing user 24/88: raw_kmt_user_0024.json
2026-05-08 10:49:01,365 | INFO | Rows from raw_kmt_user_0024.json: 451; fitting 4 models x 6 features
2026-05-08 10:49:01,397 | INFO | Processing user 25/88: raw_kmt_user_0025.json
2026-05-08 10:49:01,468 | INFO | Rows from raw_kmt_user_0025.json: 279; fitting 4 models x 6 features
2026-05-08 10:49:01,501 | INFO | Processing user 26/88: raw_kmt_user_0026.json
2026-05-08 10:49:01,606 | INFO | Rows from raw_kmt_user_0026.json: 395; fitting 4 models x 6 features
2026-05-08 10:49:01,642 | INFO | Processing user 27/88: raw_kmt_user_0027.json
2026-05-08 10:49:01,744 | INFO | Rows from raw_kmt_user_0027.json: 359; fitting 4 models x 6 features
2026-05-08 10:49:01,778 | INFO | Processing user 28/88: raw_kmt_user_0028.json
2026-05-08 10:49:01,877 | INFO | Rows from raw_kmt_user_0028.json: 386; fitting 4 models x 6 features
2026-05-08 10:49:01,912 | INFO | Processing user 29/88: raw_kmt_user_0029.json
2026-05-08 10:49:02,006 | INFO | Rows from raw_kmt_user_0029.json: 381; fitting 4 models x 6 features
2026-05-08 10:49:02,041 | INFO | Processing user 30/88: raw_kmt_user_0030.json
2026-05-08 10:49:02,161 | INFO | Rows from raw_kmt_user_0030.json: 503; fitting 4 models x 6 features
2026-05-08 10:49:02,195 | INFO | Processing user 31/88: raw_kmt_user_0031.json
2026-05-08 10:49:02,281 | INFO | Rows from raw_kmt_user_0031.json: 270; fitting 4 models x 6 features
2026-05-08 10:49:02,314 | INFO | Processing user 32/88: raw_kmt_user_0032.json
2026-05-08 10:49:02,402 | INFO | Rows from raw_kmt_user_0032.json: 346; fitting 4 models x 6 features
2026-05-08 10:49:02,432 | INFO | Processing user 33/88: raw_kmt_user_0033.json
2026-05-08 10:49:02,490 | INFO | Rows from raw_kmt_user_0033.json: 275; fitting 4 models x 6 features
2026-05-08 10:49:02,519 | INFO | Processing user 34/88: raw_kmt_user_0034.json
2026-05-08 10:49:02,579 | INFO | Rows from raw_kmt_user_0034.json: 310; fitting 4 models x 6 features
2026-05-08 10:49:02,614 | INFO | Processing user 35/88: raw_kmt_user_0035.json
2026-05-08 10:49:02,726 | INFO | Rows from raw_kmt_user_0035.json: 416; fitting 4 models x 6 features
2026-05-08 10:49:02,761 | INFO | Processing user 36/88: raw_kmt_user_0036.json
2026-05-08 10:49:02,895 | INFO | Rows from raw_kmt_user_0036.json: 491; fitting 4 models x 6 features
2026-05-08 10:49:02,930 | INFO | Processing user 37/88: raw_kmt_user_0037.json
2026-05-08 10:49:03,004 | INFO | Rows from raw_kmt_user_0037.json: 382; fitting 4 models x 6 features
2026-05-08 10:49:03,039 | INFO | Processing user 38/88: raw_kmt_user_0038.json
2026-05-08 10:49:03,135 | INFO | Rows from raw_kmt_user_0038.json: 377; fitting 4 models x 6 features
2026-05-08 10:49:03,169 | INFO | Processing user 39/88: raw_kmt_user_0039.json
2026-05-08 10:49:03,263 | INFO | Rows from raw_kmt_user_0039.json: 322; fitting 4 models x 6 features
2026-05-08 10:49:03,293 | INFO | Processing user 40/88: raw_kmt_user_0040.json
2026-05-08 10:49:03,412 | INFO | Rows from raw_kmt_user_0040.json: 395; fitting 4 models x 6 features
2026-05-08 10:49:03,447 | INFO | Processing user 41/88: raw_kmt_user_0041.json
2026-05-08 10:49:03,573 | INFO | Rows from raw_kmt_user_0041.json: 776; fitting 4 models x 6 features
2026-05-08 10:49:03,611 | INFO | Processing user 42/88: raw_kmt_user_0042.json
2026-05-08 10:49:03,689 | INFO | Rows from raw_kmt_user_0042.json: 279; fitting 4 models x 6 features
2026-05-08 10:49:03,723 | INFO | Processing user 43/88: raw_kmt_user_0043.json
2026-05-08 10:49:03,788 | INFO | Rows from raw_kmt_user_0043.json: 384; fitting 4 models x 6 features
2026-05-08 10:49:03,828 | INFO | Processing user 44/88: raw_kmt_user_0044.json
2026-05-08 10:49:03,917 | INFO | Rows from raw_kmt_user_0044.json: 333; fitting 4 models x 6 features
2026-05-08 10:49:03,949 | INFO | Processing user 45/88: raw_kmt_user_0045.json
2026-05-08 10:49:04,075 | INFO | Rows from raw_kmt_user_0045.json: 370; fitting 4 models x 6 features
2026-05-08 10:49:04,111 | INFO | Processing user 46/88: raw_kmt_user_0046.json
2026-05-08 10:49:04,220 | INFO | Rows from raw_kmt_user_0046.json: 466; fitting 4 models x 6 features
2026-05-08 10:49:04,256 | INFO | Processing user 47/88: raw_kmt_user_0047.json
2026-05-08 10:49:04,355 | INFO | Rows from raw_kmt_user_0047.json: 381; fitting 4 models x 6 features
2026-05-08 10:49:04,390 | INFO | Processing user 48/88: raw_kmt_user_0048.json
2026-05-08 10:49:04,592 | INFO | Rows from raw_kmt_user_0048.json: 708; fitting 4 models x 6 features
2026-05-08 10:49:04,629 | INFO | Processing user 49/88: raw_kmt_user_0049.json
2026-05-08 10:49:04,811 | INFO | Rows from raw_kmt_user_0049.json: 601; fitting 4 models x 6 features
2026-05-08 10:49:04,844 | INFO | Processing user 50/88: raw_kmt_user_0050.json
2026-05-08 10:49:04,971 | INFO | Rows from raw_kmt_user_0050.json: 515; fitting 4 models x 6 features
2026-05-08 10:49:05,004 | INFO | Processing user 51/88: raw_kmt_user_0051.json
2026-05-08 10:49:05,069 | INFO | Rows from raw_kmt_user_0051.json: 240; fitting 4 models x 6 features
2026-05-08 10:49:05,103 | INFO | Processing user 52/88: raw_kmt_user_0052.json
2026-05-08 10:49:05,176 | INFO | Rows from raw_kmt_user_0052.json: 392; fitting 4 models x 6 features
2026-05-08 10:49:05,206 | INFO | Processing user 53/88: raw_kmt_user_0053.json
2026-05-08 10:49:05,410 | INFO | Rows from raw_kmt_user_0053.json: 514; fitting 4 models x 6 features
2026-05-08 10:49:05,446 | INFO | Processing user 54/88: raw_kmt_user_0054.json
2026-05-08 10:49:05,528 | INFO | Rows from raw_kmt_user_0054.json: 362; fitting 4 models x 6 features
2026-05-08 10:49:05,560 | INFO | Processing user 55/88: raw_kmt_user_0055.json
2026-05-08 10:49:05,634 | INFO | Rows from raw_kmt_user_0055.json: 550; fitting 4 models x 6 features
2026-05-08 10:49:05,673 | INFO | Processing user 56/88: raw_kmt_user_0056.json
2026-05-08 10:49:05,764 | INFO | Rows from raw_kmt_user_0056.json: 691; fitting 4 models x 6 features
2026-05-08 10:49:05,796 | INFO | Processing user 57/88: raw_kmt_user_0057.json
2026-05-08 10:49:05,972 | INFO | Rows from raw_kmt_user_0057.json: 1298; fitting 4 models x 6 features
2026-05-08 10:49:06,011 | INFO | Processing user 58/88: raw_kmt_user_0058.json
2026-05-08 10:49:06,097 | INFO | Rows from raw_kmt_user_0058.json: 370; fitting 4 models x 6 features
2026-05-08 10:49:06,128 | INFO | Processing user 59/88: raw_kmt_user_0059.json
2026-05-08 10:49:06,283 | INFO | Rows from raw_kmt_user_0059.json: 811; fitting 4 models x 6 features
2026-05-08 10:49:06,320 | INFO | Processing user 60/88: raw_kmt_user_0060.json
2026-05-08 10:49:06,379 | INFO | Rows from raw_kmt_user_0060.json: 320; fitting 4 models x 6 features
2026-05-08 10:49:06,413 | INFO | Processing user 61/88: raw_kmt_user_0061.json
2026-05-08 10:49:06,581 | INFO | Rows from raw_kmt_user_0061.json: 580; fitting 4 models x 6 features
2026-05-08 10:49:06,613 | INFO | Processing user 62/88: raw_kmt_user_0062.json
2026-05-08 10:49:06,689 | INFO | Rows from raw_kmt_user_0062.json: 643; fitting 4 models x 6 features
2026-05-08 10:49:06,722 | INFO | Processing user 63/88: raw_kmt_user_0063.json
2026-05-08 10:49:06,800 | INFO | Rows from raw_kmt_user_0063.json: 1011; fitting 4 models x 6 features
2026-05-08 10:49:06,835 | INFO | Processing user 64/88: raw_kmt_user_0064.json
2026-05-08 10:49:06,902 | INFO | Rows from raw_kmt_user_0064.json: 608; fitting 4 models x 6 features
2026-05-08 10:49:06,936 | INFO | Processing user 65/88: raw_kmt_user_0065.json
2026-05-08 10:49:07,089 | INFO | Rows from raw_kmt_user_0065.json: 566; fitting 4 models x 6 features
2026-05-08 10:49:07,123 | INFO | Processing user 66/88: raw_kmt_user_0066.json
2026-05-08 10:49:07,500 | INFO | Rows from raw_kmt_user_0066.json: 1651; fitting 4 models x 6 features
2026-05-08 10:49:07,539 | INFO | Processing user 67/88: raw_kmt_user_0067.json
2026-05-08 10:49:07,677 | INFO | Rows from raw_kmt_user_0067.json: 566; fitting 4 models x 6 features
2026-05-08 10:49:07,710 | INFO | Processing user 68/88: raw_kmt_user_0068.json
2026-05-08 10:49:07,823 | INFO | Rows from raw_kmt_user_0068.json: 600; fitting 4 models x 6 features
2026-05-08 10:49:07,857 | INFO | Processing user 69/88: raw_kmt_user_0069.json
2026-05-08 10:49:07,946 | INFO | Rows from raw_kmt_user_0069.json: 313; fitting 4 models x 6 features
2026-05-08 10:49:07,977 | INFO | Processing user 70/88: raw_kmt_user_0070.json
2026-05-08 10:49:08,086 | INFO | Rows from raw_kmt_user_0070.json: 360; fitting 4 models x 6 features
2026-05-08 10:49:08,116 | INFO | Processing user 71/88: raw_kmt_user_0071.json
2026-05-08 10:49:08,269 | INFO | Rows from raw_kmt_user_0071.json: 349; fitting 4 models x 6 features
2026-05-08 10:49:08,300 | INFO | Processing user 72/88: raw_kmt_user_0072.json
2026-05-08 10:49:08,360 | INFO | Rows from raw_kmt_user_0072.json: 246; fitting 4 models x 6 features
2026-05-08 10:49:08,390 | INFO | Processing user 73/88: raw_kmt_user_0073.json
2026-05-08 10:49:08,489 | INFO | Rows from raw_kmt_user_0073.json: 295; fitting 4 models x 6 features
2026-05-08 10:49:08,519 | INFO | Processing user 74/88: raw_kmt_user_0074.json
2026-05-08 10:49:08,587 | INFO | Rows from raw_kmt_user_0074.json: 307; fitting 4 models x 6 features
2026-05-08 10:49:08,618 | INFO | Processing user 75/88: raw_kmt_user_0075.json
2026-05-08 10:49:08,726 | INFO | Rows from raw_kmt_user_0075.json: 302; fitting 4 models x 6 features
2026-05-08 10:49:08,757 | INFO | Processing user 76/88: raw_kmt_user_0076.json
2026-05-08 10:49:08,857 | INFO | Rows from raw_kmt_user_0076.json: 350; fitting 4 models x 6 features
2026-05-08 10:49:08,891 | INFO | Processing user 77/88: raw_kmt_user_0077.json
2026-05-08 10:49:09,048 | INFO | Rows from raw_kmt_user_0077.json: 780; fitting 4 models x 6 features
2026-05-08 10:49:09,082 | INFO | Processing user 78/88: raw_kmt_user_0078.json
2026-05-08 10:49:09,250 | INFO | Rows from raw_kmt_user_0078.json: 478; fitting 4 models x 6 features
2026-05-08 10:49:09,285 | INFO | Processing user 79/88: raw_kmt_user_0079.json
2026-05-08 10:49:09,432 | INFO | Rows from raw_kmt_user_0079.json: 374; fitting 4 models x 6 features
2026-05-08 10:49:09,468 | INFO | Processing user 80/88: raw_kmt_user_0080.json
2026-05-08 10:49:09,629 | INFO | Rows from raw_kmt_user_0080.json: 447; fitting 4 models x 6 features
2026-05-08 10:49:09,666 | INFO | Processing user 81/88: raw_kmt_user_0081.json
2026-05-08 10:49:09,881 | INFO | Rows from raw_kmt_user_0081.json: 862; fitting 4 models x 6 features
2026-05-08 10:49:09,915 | INFO | Processing user 82/88: raw_kmt_user_0082.json
2026-05-08 10:49:10,027 | INFO | Rows from raw_kmt_user_0082.json: 639; fitting 4 models x 6 features
2026-05-08 10:49:10,062 | INFO | Processing user 83/88: raw_kmt_user_0083.json
2026-05-08 10:49:10,172 | INFO | Rows from raw_kmt_user_0083.json: 603; fitting 4 models x 6 features
2026-05-08 10:49:10,204 | INFO | Processing user 84/88: raw_kmt_user_0084.json
2026-05-08 10:49:10,392 | INFO | Rows from raw_kmt_user_0084.json: 753; fitting 4 models x 6 features
2026-05-08 10:49:10,425 | INFO | Processing user 85/88: raw_kmt_user_0085.json
2026-05-08 10:49:10,544 | INFO | Rows from raw_kmt_user_0085.json: 740; fitting 4 models x 6 features
2026-05-08 10:49:10,576 | INFO | Processing user 86/88: raw_kmt_user_0086.json
2026-05-08 10:49:10,703 | INFO | Rows from raw_kmt_user_0086.json: 1063; fitting 4 models x 6 features
2026-05-08 10:49:10,739 | INFO | Processing user 87/88: raw_kmt_user_0087.json
2026-05-08 10:49:10,912 | INFO | Rows from raw_kmt_user_0087.json: 978; fitting 4 models x 6 features
2026-05-08 10:49:10,949 | INFO | Processing user 88/88: raw_kmt_user_0088.json
2026-05-08 10:49:11,054 | INFO | Rows from raw_kmt_user_0088.json: 574; fitting 4 models x 6 features
2026-05-08 10:49:11,377 | INFO | Saved merged feature rows: features_all_users_merged.csv (rows=43477, users_with_rows=88)
2026-05-08 10:49:11,393 | INFO | Saved per-user model fits: model_fit_per_user_all_models.csv (2112 rows)
2026-05-08 10:49:11,606 | INFO | Saved aggregated summary: model_fit_aggregated_summary.csv
2026-05-08 10:49:11,606 | INFO | Saved vote detail: model_fit_aggregated_vote_counts.csv
2026-05-08 10:49:11,606 | INFO | Saved weighted means by model: model_fit_aggregated_weighted_by_model.csv
2026-05-08 10:49:12,356 | INFO | Saved QQ plot: qqplots\dwell_mean__gaussian_qq.png
2026-05-08 10:49:12,546 | INFO | Saved QQ plot: qqplots\dwell_mean__log_normal_qq.png
2026-05-08 10:49:12,750 | INFO | Saved QQ plot: qqplots\dwell_mean__gamma_qq.png
2026-05-08 10:49:13,019 | INFO | Saved QQ plot: qqplots\dwell_mean__weibull_qq.png
2026-05-08 10:49:13,208 | INFO | Saved QQ plot: qqplots\dwell_std__gaussian_qq.png
2026-05-08 10:49:13,395 | INFO | Saved QQ plot: qqplots\dwell_std__log_normal_qq.png
2026-05-08 10:49:13,596 | INFO | Saved QQ plot: qqplots\dwell_std__gamma_qq.png
2026-05-08 10:49:13,872 | INFO | Saved QQ plot: qqplots\dwell_std__weibull_qq.png
2026-05-08 10:49:14,060 | INFO | Saved QQ plot: qqplots\flight_mean__gaussian_qq.png
2026-05-08 10:49:14,231 | INFO | Saved QQ plot: qqplots\flight_mean__log_normal_qq.png
2026-05-08 10:49:14,427 | INFO | Saved QQ plot: qqplots\flight_mean__gamma_qq.png
2026-05-08 10:49:14,648 | INFO | Saved QQ plot: qqplots\flight_mean__weibull_qq.png
2026-05-08 10:49:14,803 | INFO | Saved QQ plot: qqplots\flight_std__gaussian_qq.png
2026-05-08 10:49:14,972 | INFO | Saved QQ plot: qqplots\flight_std__log_normal_qq.png
2026-05-08 10:49:15,149 | INFO | Saved QQ plot: qqplots\flight_std__gamma_qq.png
2026-05-08 10:49:15,355 | INFO | Saved QQ plot: qqplots\flight_std__weibull_qq.png
2026-05-08 10:49:15,511 | INFO | Saved QQ plot: qqplots\velocity_mean__gaussian_qq.png
2026-05-08 10:49:15,715 | INFO | Saved QQ plot: qqplots\velocity_mean__log_normal_qq.png
2026-05-08 10:49:15,879 | INFO | Saved QQ plot: qqplots\velocity_mean__gamma_qq.png
2026-05-08 10:49:16,111 | INFO | Saved QQ plot: qqplots\velocity_mean__weibull_qq.png
2026-05-08 10:49:16,278 | INFO | Saved QQ plot: qqplots\velocity_std__gaussian_qq.png
2026-05-08 10:49:16,434 | INFO | Saved QQ plot: qqplots\velocity_std__log_normal_qq.png
2026-05-08 10:49:16,605 | INFO | Saved QQ plot: qqplots\velocity_std__gamma_qq.png
2026-05-08 10:49:16,814 | INFO | Saved QQ plot: qqplots\velocity_std__weibull_qq.png
2026-05-08 10:49:16,817 | INFO | Saved QQ plots to: qqplots
2026-05-08 10:49:16,818 | INFO | Saved QQ metrics: model_fit_qq_metrics.csv
2026-05-08 10:49:16,818 | INFO | Evaluation finished in 18.98 sec
2026-05-08 10:49:16,823 | INFO | Aggregated model choice (per-user fits combined):
      feature best_majority_vote_aic best_majority_vote_bic  n_users_with_votes best_weighted_mean_aic best_weighted_mean_bic best_sum_log_likelihood
   dwell_mean             Log-normal             Log-normal                  88             Log-normal             Log-normal              Log-normal
    dwell_std             Log-normal             Log-normal                  88                Weibull                Weibull                 Weibull
  flight_mean                  Gamma                  Gamma                  88                  Gamma                  Gamma                   Gamma
   flight_std                Weibull                Weibull                  88                Weibull                Weibull                 Weibull
velocity_mean                Weibull                Weibull                  88                Weibull                Weibull                 Weibull
 velocity_std               Gaussian               Gaussian                  88               Gaussian               Gaussian                Gaussian
2026-05-08 10:49:16,823 | INFO | Per-user fit rows: 2112
2026-05-08 10:49:16,823 | INFO | QQ metric rows: 24
2026-05-08 16:04:29,165 | INFO | Found 88 user files from ./raw_kmt_dataset (true_data only, sequence_break=10.0s, session_break=30.0s)
2026-05-08 16:04:29,166 | INFO | Processing user 1/88: raw_kmt_user_0001.json
2026-05-08 16:04:29,241 | INFO | Rows from raw_kmt_user_0001.json: 171; fitting 4 models x 6 features
2026-05-08 16:04:29,305 | INFO | Processing user 2/88: raw_kmt_user_0002.json
2026-05-08 16:04:29,474 | INFO | Rows from raw_kmt_user_0002.json: 335; fitting 4 models x 6 features
2026-05-08 16:04:29,546 | INFO | Processing user 3/88: raw_kmt_user_0003.json
2026-05-08 16:04:29,790 | INFO | Rows from raw_kmt_user_0003.json: 504; fitting 4 models x 6 features
2026-05-08 16:04:29,841 | INFO | Processing user 4/88: raw_kmt_user_0004.json
2026-05-08 16:04:29,979 | INFO | Rows from raw_kmt_user_0004.json: 309; fitting 4 models x 6 features
2026-05-08 16:04:30,029 | INFO | Processing user 5/88: raw_kmt_user_0005.json
2026-05-08 16:04:30,185 | INFO | Rows from raw_kmt_user_0005.json: 447; fitting 4 models x 6 features
2026-05-08 16:04:30,224 | INFO | Processing user 6/88: raw_kmt_user_0006.json
2026-05-08 16:04:30,341 | INFO | Rows from raw_kmt_user_0006.json: 313; fitting 4 models x 6 features
2026-05-08 16:04:30,389 | INFO | Processing user 7/88: raw_kmt_user_0007.json
2026-05-08 16:04:30,505 | INFO | Rows from raw_kmt_user_0007.json: 393; fitting 4 models x 6 features
2026-05-08 16:04:30,539 | INFO | Processing user 8/88: raw_kmt_user_0008.json
2026-05-08 16:04:30,626 | INFO | Rows from raw_kmt_user_0008.json: 198; fitting 4 models x 6 features
2026-05-08 16:04:30,683 | INFO | Processing user 9/88: raw_kmt_user_0009.json
2026-05-08 16:04:30,826 | INFO | Rows from raw_kmt_user_0009.json: 410; fitting 4 models x 6 features
2026-05-08 16:04:30,859 | INFO | Processing user 10/88: raw_kmt_user_0010.json
2026-05-08 16:04:31,033 | INFO | Rows from raw_kmt_user_0010.json: 346; fitting 4 models x 6 features
2026-05-08 16:04:31,088 | INFO | Processing user 11/88: raw_kmt_user_0011.json
2026-05-08 16:04:31,174 | INFO | Rows from raw_kmt_user_0011.json: 217; fitting 4 models x 6 features
2026-05-08 16:04:31,213 | INFO | Processing user 12/88: raw_kmt_user_0012.json
2026-05-08 16:04:31,349 | INFO | Rows from raw_kmt_user_0012.json: 376; fitting 4 models x 6 features
2026-05-08 16:04:31,386 | INFO | Processing user 13/88: raw_kmt_user_0013.json
2026-05-08 16:04:31,553 | INFO | Rows from raw_kmt_user_0013.json: 466; fitting 4 models x 6 features
2026-05-08 16:04:31,597 | INFO | Processing user 14/88: raw_kmt_user_0014.json
2026-05-08 16:04:31,747 | INFO | Rows from raw_kmt_user_0014.json: 447; fitting 4 models x 6 features
2026-05-08 16:04:31,786 | INFO | Processing user 15/88: raw_kmt_user_0015.json
2026-05-08 16:04:31,902 | INFO | Rows from raw_kmt_user_0015.json: 461; fitting 4 models x 6 features
2026-05-08 16:04:31,938 | INFO | Processing user 16/88: raw_kmt_user_0016.json
2026-05-08 16:04:32,167 | INFO | Rows from raw_kmt_user_0016.json: 781; fitting 4 models x 6 features
2026-05-08 16:04:32,207 | INFO | Processing user 17/88: raw_kmt_user_0017.json
2026-05-08 16:04:32,382 | INFO | Rows from raw_kmt_user_0017.json: 541; fitting 4 models x 6 features
2026-05-08 16:04:32,417 | INFO | Processing user 18/88: raw_kmt_user_0018.json
2026-05-08 16:04:32,760 | INFO | Rows from raw_kmt_user_0018.json: 941; fitting 4 models x 6 features
2026-05-08 16:04:32,819 | INFO | Processing user 19/88: raw_kmt_user_0019.json
2026-05-08 16:04:33,079 | INFO | Rows from raw_kmt_user_0019.json: 669; fitting 4 models x 6 features
2026-05-08 16:04:33,131 | INFO | Processing user 20/88: raw_kmt_user_0020.json
2026-05-08 16:04:33,308 | INFO | Rows from raw_kmt_user_0020.json: 489; fitting 4 models x 6 features
2026-05-08 16:04:33,354 | INFO | Processing user 21/88: raw_kmt_user_0021.json
2026-05-08 16:04:33,530 | INFO | Rows from raw_kmt_user_0021.json: 371; fitting 4 models x 6 features
2026-05-08 16:04:33,566 | INFO | Processing user 22/88: raw_kmt_user_0022.json
2026-05-08 16:04:33,682 | INFO | Rows from raw_kmt_user_0022.json: 352; fitting 4 models x 6 features
2026-05-08 16:04:33,719 | INFO | Processing user 23/88: raw_kmt_user_0023.json
2026-05-08 16:04:33,813 | INFO | Rows from raw_kmt_user_0023.json: 203; fitting 4 models x 6 features
2026-05-08 16:04:33,866 | INFO | Processing user 24/88: raw_kmt_user_0024.json
2026-05-08 16:04:33,964 | INFO | Rows from raw_kmt_user_0024.json: 451; fitting 4 models x 6 features
2026-05-08 16:04:33,997 | INFO | Processing user 25/88: raw_kmt_user_0025.json
2026-05-08 16:04:34,124 | INFO | Rows from raw_kmt_user_0025.json: 279; fitting 4 models x 6 features
2026-05-08 16:04:34,172 | INFO | Processing user 26/88: raw_kmt_user_0026.json
2026-05-08 16:04:34,335 | INFO | Rows from raw_kmt_user_0026.json: 395; fitting 4 models x 6 features
2026-05-08 16:04:34,385 | INFO | Processing user 27/88: raw_kmt_user_0027.json
2026-05-08 16:04:34,546 | INFO | Rows from raw_kmt_user_0027.json: 359; fitting 4 models x 6 features
2026-05-08 16:04:34,591 | INFO | Processing user 28/88: raw_kmt_user_0028.json
2026-05-08 16:04:34,753 | INFO | Rows from raw_kmt_user_0028.json: 386; fitting 4 models x 6 features
2026-05-08 16:04:34,804 | INFO | Processing user 29/88: raw_kmt_user_0029.json
2026-05-08 16:04:34,927 | INFO | Rows from raw_kmt_user_0029.json: 381; fitting 4 models x 6 features
2026-05-08 16:04:34,978 | INFO | Processing user 30/88: raw_kmt_user_0030.json
2026-05-08 16:04:35,167 | INFO | Rows from raw_kmt_user_0030.json: 503; fitting 4 models x 6 features
2026-05-08 16:04:35,205 | INFO | Processing user 31/88: raw_kmt_user_0031.json
2026-05-08 16:04:35,324 | INFO | Rows from raw_kmt_user_0031.json: 270; fitting 4 models x 6 features
2026-05-08 16:04:35,375 | INFO | Processing user 32/88: raw_kmt_user_0032.json
2026-05-08 16:04:35,514 | INFO | Rows from raw_kmt_user_0032.json: 346; fitting 4 models x 6 features
2026-05-08 16:04:35,575 | INFO | Processing user 33/88: raw_kmt_user_0033.json
2026-05-08 16:04:35,683 | INFO | Rows from raw_kmt_user_0033.json: 275; fitting 4 models x 6 features
2026-05-08 16:04:35,731 | INFO | Processing user 34/88: raw_kmt_user_0034.json
2026-05-08 16:04:35,831 | INFO | Rows from raw_kmt_user_0034.json: 310; fitting 4 models x 6 features
2026-05-08 16:04:35,884 | INFO | Processing user 35/88: raw_kmt_user_0035.json
2026-05-08 16:04:36,053 | INFO | Rows from raw_kmt_user_0035.json: 416; fitting 4 models x 6 features
2026-05-08 16:04:36,105 | INFO | Processing user 36/88: raw_kmt_user_0036.json
2026-05-08 16:04:36,300 | INFO | Rows from raw_kmt_user_0036.json: 491; fitting 4 models x 6 features
2026-05-08 16:04:36,363 | INFO | Processing user 37/88: raw_kmt_user_0037.json
2026-05-08 16:04:36,450 | INFO | Rows from raw_kmt_user_0037.json: 382; fitting 4 models x 6 features
2026-05-08 16:04:36,489 | INFO | Processing user 38/88: raw_kmt_user_0038.json
2026-05-08 16:04:36,622 | INFO | Rows from raw_kmt_user_0038.json: 377; fitting 4 models x 6 features
2026-05-08 16:04:36,665 | INFO | Processing user 39/88: raw_kmt_user_0039.json
2026-05-08 16:04:36,814 | INFO | Rows from raw_kmt_user_0039.json: 322; fitting 4 models x 6 features
2026-05-08 16:04:36,859 | INFO | Processing user 40/88: raw_kmt_user_0040.json
2026-05-08 16:04:37,048 | INFO | Rows from raw_kmt_user_0040.json: 395; fitting 4 models x 6 features
2026-05-08 16:04:37,092 | INFO | Processing user 41/88: raw_kmt_user_0041.json
2026-05-08 16:04:37,313 | INFO | Rows from raw_kmt_user_0041.json: 776; fitting 4 models x 6 features
2026-05-08 16:04:37,374 | INFO | Processing user 42/88: raw_kmt_user_0042.json
2026-05-08 16:04:37,496 | INFO | Rows from raw_kmt_user_0042.json: 279; fitting 4 models x 6 features
2026-05-08 16:04:37,534 | INFO | Processing user 43/88: raw_kmt_user_0043.json
2026-05-08 16:04:37,614 | INFO | Rows from raw_kmt_user_0043.json: 384; fitting 4 models x 6 features
2026-05-08 16:04:37,656 | INFO | Processing user 44/88: raw_kmt_user_0044.json
2026-05-08 16:04:37,770 | INFO | Rows from raw_kmt_user_0044.json: 333; fitting 4 models x 6 features
2026-05-08 16:04:37,829 | INFO | Processing user 45/88: raw_kmt_user_0045.json
2026-05-08 16:04:37,980 | INFO | Rows from raw_kmt_user_0045.json: 370; fitting 4 models x 6 features
2026-05-08 16:04:38,026 | INFO | Processing user 46/88: raw_kmt_user_0046.json
2026-05-08 16:04:38,184 | INFO | Rows from raw_kmt_user_0046.json: 466; fitting 4 models x 6 features
2026-05-08 16:04:38,256 | INFO | Processing user 47/88: raw_kmt_user_0047.json
2026-05-08 16:04:38,395 | INFO | Rows from raw_kmt_user_0047.json: 381; fitting 4 models x 6 features
2026-05-08 16:04:38,463 | INFO | Processing user 48/88: raw_kmt_user_0048.json
2026-05-08 16:04:38,777 | INFO | Rows from raw_kmt_user_0048.json: 708; fitting 4 models x 6 features
2026-05-08 16:04:38,815 | INFO | Processing user 49/88: raw_kmt_user_0049.json
2026-05-08 16:04:39,086 | INFO | Rows from raw_kmt_user_0049.json: 601; fitting 4 models x 6 features
2026-05-08 16:04:39,132 | INFO | Processing user 50/88: raw_kmt_user_0050.json
2026-05-08 16:04:39,321 | INFO | Rows from raw_kmt_user_0050.json: 515; fitting 4 models x 6 features
2026-05-08 16:04:39,365 | INFO | Processing user 51/88: raw_kmt_user_0051.json
2026-05-08 16:04:39,448 | INFO | Rows from raw_kmt_user_0051.json: 240; fitting 4 models x 6 features
2026-05-08 16:04:39,490 | INFO | Processing user 52/88: raw_kmt_user_0052.json
2026-05-08 16:04:39,610 | INFO | Rows from raw_kmt_user_0052.json: 392; fitting 4 models x 6 features
2026-05-08 16:04:39,649 | INFO | Processing user 53/88: raw_kmt_user_0053.json
2026-05-08 16:04:39,945 | INFO | Rows from raw_kmt_user_0053.json: 514; fitting 4 models x 6 features
2026-05-08 16:04:39,981 | INFO | Processing user 54/88: raw_kmt_user_0054.json
2026-05-08 16:04:40,088 | INFO | Rows from raw_kmt_user_0054.json: 362; fitting 4 models x 6 features
2026-05-08 16:04:40,119 | INFO | Processing user 55/88: raw_kmt_user_0055.json
2026-05-08 16:04:40,218 | INFO | Rows from raw_kmt_user_0055.json: 550; fitting 4 models x 6 features
2026-05-08 16:04:40,271 | INFO | Processing user 56/88: raw_kmt_user_0056.json
2026-05-08 16:04:40,391 | INFO | Rows from raw_kmt_user_0056.json: 691; fitting 4 models x 6 features
2026-05-08 16:04:40,438 | INFO | Processing user 57/88: raw_kmt_user_0057.json
2026-05-08 16:04:40,648 | INFO | Rows from raw_kmt_user_0057.json: 1298; fitting 4 models x 6 features
2026-05-08 16:04:40,704 | INFO | Processing user 58/88: raw_kmt_user_0058.json
2026-05-08 16:04:40,815 | INFO | Rows from raw_kmt_user_0058.json: 370; fitting 4 models x 6 features
2026-05-08 16:04:40,847 | INFO | Processing user 59/88: raw_kmt_user_0059.json
2026-05-08 16:04:41,051 | INFO | Rows from raw_kmt_user_0059.json: 811; fitting 4 models x 6 features
2026-05-08 16:04:41,124 | INFO | Processing user 60/88: raw_kmt_user_0060.json
2026-05-08 16:04:41,197 | INFO | Rows from raw_kmt_user_0060.json: 320; fitting 4 models x 6 features
2026-05-08 16:04:41,242 | INFO | Processing user 61/88: raw_kmt_user_0061.json
2026-05-08 16:04:41,476 | INFO | Rows from raw_kmt_user_0061.json: 580; fitting 4 models x 6 features
2026-05-08 16:04:41,522 | INFO | Processing user 62/88: raw_kmt_user_0062.json
2026-05-08 16:04:41,626 | INFO | Rows from raw_kmt_user_0062.json: 643; fitting 4 models x 6 features
2026-05-08 16:04:41,668 | INFO | Processing user 63/88: raw_kmt_user_0063.json
2026-05-08 16:04:41,771 | INFO | Rows from raw_kmt_user_0063.json: 1011; fitting 4 models x 6 features
2026-05-08 16:04:41,806 | INFO | Processing user 64/88: raw_kmt_user_0064.json
2026-05-08 16:04:41,900 | INFO | Rows from raw_kmt_user_0064.json: 608; fitting 4 models x 6 features
2026-05-08 16:04:41,939 | INFO | Processing user 65/88: raw_kmt_user_0065.json
2026-05-08 16:04:42,146 | INFO | Rows from raw_kmt_user_0065.json: 566; fitting 4 models x 6 features
2026-05-08 16:04:42,195 | INFO | Processing user 66/88: raw_kmt_user_0066.json
2026-05-08 16:04:42,738 | INFO | Rows from raw_kmt_user_0066.json: 1651; fitting 4 models x 6 features
2026-05-08 16:04:42,792 | INFO | Processing user 67/88: raw_kmt_user_0067.json
2026-05-08 16:04:42,957 | INFO | Rows from raw_kmt_user_0067.json: 566; fitting 4 models x 6 features
2026-05-08 16:04:42,993 | INFO | Processing user 68/88: raw_kmt_user_0068.json
2026-05-08 16:04:43,158 | INFO | Rows from raw_kmt_user_0068.json: 600; fitting 4 models x 6 features
2026-05-08 16:04:43,200 | INFO | Processing user 69/88: raw_kmt_user_0069.json
2026-05-08 16:04:43,316 | INFO | Rows from raw_kmt_user_0069.json: 313; fitting 4 models x 6 features
2026-05-08 16:04:43,361 | INFO | Processing user 70/88: raw_kmt_user_0070.json
2026-05-08 16:04:43,518 | INFO | Rows from raw_kmt_user_0070.json: 360; fitting 4 models x 6 features
2026-05-08 16:04:43,546 | INFO | Processing user 71/88: raw_kmt_user_0071.json
2026-05-08 16:04:43,749 | INFO | Rows from raw_kmt_user_0071.json: 349; fitting 4 models x 6 features
2026-05-08 16:04:43,780 | INFO | Processing user 72/88: raw_kmt_user_0072.json
2026-05-08 16:04:43,863 | INFO | Rows from raw_kmt_user_0072.json: 246; fitting 4 models x 6 features
2026-05-08 16:04:43,902 | INFO | Processing user 73/88: raw_kmt_user_0073.json
2026-05-08 16:04:44,047 | INFO | Rows from raw_kmt_user_0073.json: 295; fitting 4 models x 6 features
2026-05-08 16:04:44,082 | INFO | Processing user 74/88: raw_kmt_user_0074.json
2026-05-08 16:04:44,179 | INFO | Rows from raw_kmt_user_0074.json: 307; fitting 4 models x 6 features
2026-05-08 16:04:44,223 | INFO | Processing user 75/88: raw_kmt_user_0075.json
2026-05-08 16:04:44,409 | INFO | Rows from raw_kmt_user_0075.json: 302; fitting 4 models x 6 features
2026-05-08 16:04:44,464 | INFO | Processing user 76/88: raw_kmt_user_0076.json
2026-05-08 16:04:44,634 | INFO | Rows from raw_kmt_user_0076.json: 350; fitting 4 models x 6 features
2026-05-08 16:04:44,676 | INFO | Processing user 77/88: raw_kmt_user_0077.json
2026-05-08 16:04:44,887 | INFO | Rows from raw_kmt_user_0077.json: 780; fitting 4 models x 6 features
2026-05-08 16:04:44,922 | INFO | Processing user 78/88: raw_kmt_user_0078.json
2026-05-08 16:04:45,141 | INFO | Rows from raw_kmt_user_0078.json: 478; fitting 4 models x 6 features
2026-05-08 16:04:45,190 | INFO | Processing user 79/88: raw_kmt_user_0079.json
2026-05-08 16:04:45,391 | INFO | Rows from raw_kmt_user_0079.json: 374; fitting 4 models x 6 features
2026-05-08 16:04:45,430 | INFO | Processing user 80/88: raw_kmt_user_0080.json
2026-05-08 16:04:45,667 | INFO | Rows from raw_kmt_user_0080.json: 447; fitting 4 models x 6 features
2026-05-08 16:04:45,720 | INFO | Processing user 81/88: raw_kmt_user_0081.json
2026-05-08 16:04:45,977 | INFO | Rows from raw_kmt_user_0081.json: 862; fitting 4 models x 6 features
2026-05-08 16:04:46,010 | INFO | Processing user 82/88: raw_kmt_user_0082.json
2026-05-08 16:04:46,159 | INFO | Rows from raw_kmt_user_0082.json: 639; fitting 4 models x 6 features
2026-05-08 16:04:46,203 | INFO | Processing user 83/88: raw_kmt_user_0083.json
2026-05-08 16:04:46,342 | INFO | Rows from raw_kmt_user_0083.json: 603; fitting 4 models x 6 features
2026-05-08 16:04:46,387 | INFO | Processing user 84/88: raw_kmt_user_0084.json
2026-05-08 16:04:46,623 | INFO | Rows from raw_kmt_user_0084.json: 753; fitting 4 models x 6 features
2026-05-08 16:04:46,665 | INFO | Processing user 85/88: raw_kmt_user_0085.json
2026-05-08 16:04:46,821 | INFO | Rows from raw_kmt_user_0085.json: 740; fitting 4 models x 6 features
2026-05-08 16:04:46,855 | INFO | Processing user 86/88: raw_kmt_user_0086.json
2026-05-08 16:04:47,016 | INFO | Rows from raw_kmt_user_0086.json: 1063; fitting 4 models x 6 features
2026-05-08 16:04:47,060 | INFO | Processing user 87/88: raw_kmt_user_0087.json
2026-05-08 16:04:47,271 | INFO | Rows from raw_kmt_user_0087.json: 978; fitting 4 models x 6 features
2026-05-08 16:04:47,322 | INFO | Processing user 88/88: raw_kmt_user_0088.json
2026-05-08 16:04:47,465 | INFO | Rows from raw_kmt_user_0088.json: 574; fitting 4 models x 6 features
2026-05-08 16:04:47,972 | INFO | Saved merged feature rows: features_all_users_merged.csv (rows=43477, users_with_rows=88)
2026-05-08 16:04:47,988 | INFO | Saved per-user model fits: model_fit_per_user_all_models.csv (2112 rows)
2026-05-08 16:04:48,198 | INFO | Saved aggregated summary: model_fit_aggregated_summary.csv
2026-05-08 16:04:48,198 | INFO | Saved vote detail: model_fit_aggregated_vote_counts.csv
2026-05-08 16:04:48,199 | INFO | Saved weighted means by model: model_fit_aggregated_weighted_by_model.csv
2026-05-08 16:04:48,205 | INFO | Saved Pearson(mean-only): pearson_mean_features.csv
2026-05-08 16:04:48,205 | INFO | Saved Pearson(std-only): pearson_std_features.csv
2026-05-08 16:04:49,178 | INFO | Saved QQ plot: qqplots\dwell_mean__gaussian_qq.png
2026-05-08 16:04:49,392 | INFO | Saved QQ plot: qqplots\dwell_mean__log_normal_qq.png
2026-05-08 16:04:49,672 | INFO | Saved QQ plot: qqplots\dwell_mean__gamma_qq.png
2026-05-08 16:04:50,004 | INFO | Saved QQ plot: qqplots\dwell_mean__weibull_qq.png
2026-05-08 16:04:50,195 | INFO | Saved QQ plot: qqplots\dwell_std__gaussian_qq.png
2026-05-08 16:04:50,424 | INFO | Saved QQ plot: qqplots\dwell_std__log_normal_qq.png
2026-05-08 16:04:50,623 | INFO | Saved QQ plot: qqplots\dwell_std__gamma_qq.png
2026-05-08 16:04:50,903 | INFO | Saved QQ plot: qqplots\dwell_std__weibull_qq.png
2026-05-08 16:04:51,092 | INFO | Saved QQ plot: qqplots\flight_mean__gaussian_qq.png
2026-05-08 16:04:51,316 | INFO | Saved QQ plot: qqplots\flight_mean__log_normal_qq.png
2026-05-08 16:04:51,568 | INFO | Saved QQ plot: qqplots\flight_mean__gamma_qq.png
2026-05-08 16:04:51,816 | INFO | Saved QQ plot: qqplots\flight_mean__weibull_qq.png
2026-05-08 16:04:51,970 | INFO | Saved QQ plot: qqplots\flight_std__gaussian_qq.png
2026-05-08 16:04:52,206 | INFO | Saved QQ plot: qqplots\flight_std__log_normal_qq.png
2026-05-08 16:04:52,407 | INFO | Saved QQ plot: qqplots\flight_std__gamma_qq.png
2026-05-08 16:04:52,684 | INFO | Saved QQ plot: qqplots\flight_std__weibull_qq.png
2026-05-08 16:04:52,867 | INFO | Saved QQ plot: qqplots\velocity_mean__gaussian_qq.png
2026-05-08 16:04:53,102 | INFO | Saved QQ plot: qqplots\velocity_mean__log_normal_qq.png
2026-05-08 16:04:53,286 | INFO | Saved QQ plot: qqplots\velocity_mean__gamma_qq.png
2026-05-08 16:04:53,551 | INFO | Saved QQ plot: qqplots\velocity_mean__weibull_qq.png
2026-05-08 16:04:53,760 | INFO | Saved QQ plot: qqplots\velocity_std__gaussian_qq.png
2026-05-08 16:04:53,921 | INFO | Saved QQ plot: qqplots\velocity_std__log_normal_qq.png
2026-05-08 16:04:54,167 | INFO | Saved QQ plot: qqplots\velocity_std__gamma_qq.png
2026-05-08 16:04:54,379 | INFO | Saved QQ plot: qqplots\velocity_std__weibull_qq.png
2026-05-08 16:04:54,382 | INFO | Saved QQ plots to: qqplots
2026-05-08 16:04:54,382 | INFO | Saved QQ metrics: model_fit_qq_metrics.csv
2026-05-08 16:04:54,382 | INFO | Evaluation finished in 25.22 sec
2026-05-08 16:04:54,386 | INFO | Aggregated model choice (per-user fits combined):
      feature best_majority_vote_aic best_majority_vote_bic  n_users_with_votes best_weighted_mean_aic best_weighted_mean_bic best_sum_log_likelihood
   dwell_mean             Log-normal             Log-normal                  88             Log-normal             Log-normal              Log-normal
    dwell_std             Log-normal             Log-normal                  88                Weibull                Weibull                 Weibull
  flight_mean                  Gamma                  Gamma                  88                  Gamma                  Gamma                   Gamma
   flight_std                Weibull                Weibull                  88                Weibull                Weibull                 Weibull
velocity_mean                Weibull                Weibull                  88                Weibull                Weibull                 Weibull
 velocity_std               Gaussian               Gaussian                  88               Gaussian               Gaussian                Gaussian
2026-05-08 16:04:54,387 | INFO | Per-user fit rows: 2112
2026-05-08 16:04:54,387 | INFO | QQ metric rows: 24
2026-05-08 16:04:54,387 | INFO | Pearson(mean) shape: (3, 3)
2026-05-08 16:04:54,387 | INFO | Pearson(std) shape: (3, 3)
2026-05-08 16:08:50,408 | INFO | Found 88 user files from ./raw_kmt_dataset (true_data only, sequence_break=10.0s, session_break=30.0s)
2026-05-08 16:08:50,409 | INFO | Processing user 1/88: raw_kmt_user_0001.json
2026-05-08 16:08:50,457 | INFO | Rows from raw_kmt_user_0001.json: 171; fitting 4 models x 6 features
2026-05-08 16:08:50,497 | INFO | Processing user 2/88: raw_kmt_user_0002.json
2026-05-08 16:08:50,647 | INFO | Rows from raw_kmt_user_0002.json: 335; fitting 4 models x 6 features
2026-05-08 16:08:50,686 | INFO | Processing user 3/88: raw_kmt_user_0003.json
2026-05-08 16:08:50,879 | INFO | Rows from raw_kmt_user_0003.json: 504; fitting 4 models x 6 features
2026-05-08 16:08:50,919 | INFO | Processing user 4/88: raw_kmt_user_0004.json
2026-05-08 16:08:51,022 | INFO | Rows from raw_kmt_user_0004.json: 309; fitting 4 models x 6 features
2026-05-08 16:08:51,062 | INFO | Processing user 5/88: raw_kmt_user_0005.json
2026-05-08 16:08:51,210 | INFO | Rows from raw_kmt_user_0005.json: 447; fitting 4 models x 6 features
2026-05-08 16:08:51,248 | INFO | Processing user 6/88: raw_kmt_user_0006.json
2026-05-08 16:08:51,331 | INFO | Rows from raw_kmt_user_0006.json: 313; fitting 4 models x 6 features
2026-05-08 16:08:51,365 | INFO | Processing user 7/88: raw_kmt_user_0007.json
2026-05-08 16:08:51,475 | INFO | Rows from raw_kmt_user_0007.json: 393; fitting 4 models x 6 features
2026-05-08 16:08:51,511 | INFO | Processing user 8/88: raw_kmt_user_0008.json
2026-05-08 16:08:51,568 | INFO | Rows from raw_kmt_user_0008.json: 198; fitting 4 models x 6 features
2026-05-08 16:08:51,601 | INFO | Processing user 9/88: raw_kmt_user_0009.json
2026-05-08 16:08:51,719 | INFO | Rows from raw_kmt_user_0009.json: 410; fitting 4 models x 6 features
2026-05-08 16:08:51,753 | INFO | Processing user 10/88: raw_kmt_user_0010.json
2026-05-08 16:08:51,879 | INFO | Rows from raw_kmt_user_0010.json: 346; fitting 4 models x 6 features
2026-05-08 16:08:51,918 | INFO | Processing user 11/88: raw_kmt_user_0011.json
2026-05-08 16:08:51,981 | INFO | Rows from raw_kmt_user_0011.json: 217; fitting 4 models x 6 features
2026-05-08 16:08:52,017 | INFO | Processing user 12/88: raw_kmt_user_0012.json
2026-05-08 16:08:52,140 | INFO | Rows from raw_kmt_user_0012.json: 376; fitting 4 models x 6 features
2026-05-08 16:08:52,175 | INFO | Processing user 13/88: raw_kmt_user_0013.json
2026-05-08 16:08:52,298 | INFO | Rows from raw_kmt_user_0013.json: 466; fitting 4 models x 6 features
2026-05-08 16:08:52,339 | INFO | Processing user 14/88: raw_kmt_user_0014.json
2026-05-08 16:08:52,490 | INFO | Rows from raw_kmt_user_0014.json: 447; fitting 4 models x 6 features
2026-05-08 16:08:52,531 | INFO | Processing user 15/88: raw_kmt_user_0015.json
2026-05-08 16:08:52,636 | INFO | Rows from raw_kmt_user_0015.json: 461; fitting 4 models x 6 features
2026-05-08 16:08:52,679 | INFO | Processing user 16/88: raw_kmt_user_0016.json
2026-05-08 16:08:52,872 | INFO | Rows from raw_kmt_user_0016.json: 781; fitting 4 models x 6 features
2026-05-08 16:08:52,916 | INFO | Processing user 17/88: raw_kmt_user_0017.json
2026-05-08 16:08:53,077 | INFO | Rows from raw_kmt_user_0017.json: 541; fitting 4 models x 6 features
2026-05-08 16:08:53,112 | INFO | Processing user 18/88: raw_kmt_user_0018.json
2026-05-08 16:08:53,381 | INFO | Rows from raw_kmt_user_0018.json: 941; fitting 4 models x 6 features
2026-05-08 16:08:53,425 | INFO | Processing user 19/88: raw_kmt_user_0019.json
2026-05-08 16:08:53,635 | INFO | Rows from raw_kmt_user_0019.json: 669; fitting 4 models x 6 features
2026-05-08 16:08:53,672 | INFO | Processing user 20/88: raw_kmt_user_0020.json
2026-05-08 16:08:53,805 | INFO | Rows from raw_kmt_user_0020.json: 489; fitting 4 models x 6 features
2026-05-08 16:08:53,841 | INFO | Processing user 21/88: raw_kmt_user_0021.json
2026-05-08 16:08:53,989 | INFO | Rows from raw_kmt_user_0021.json: 371; fitting 4 models x 6 features
2026-05-08 16:08:54,025 | INFO | Processing user 22/88: raw_kmt_user_0022.json
2026-05-08 16:08:54,117 | INFO | Rows from raw_kmt_user_0022.json: 352; fitting 4 models x 6 features
2026-05-08 16:08:54,154 | INFO | Processing user 23/88: raw_kmt_user_0023.json
2026-05-08 16:08:54,220 | INFO | Rows from raw_kmt_user_0023.json: 203; fitting 4 models x 6 features
2026-05-08 16:08:54,255 | INFO | Processing user 24/88: raw_kmt_user_0024.json
2026-05-08 16:08:54,351 | INFO | Rows from raw_kmt_user_0024.json: 451; fitting 4 models x 6 features
2026-05-08 16:08:54,386 | INFO | Processing user 25/88: raw_kmt_user_0025.json
2026-05-08 16:08:54,488 | INFO | Rows from raw_kmt_user_0025.json: 279; fitting 4 models x 6 features
2026-05-08 16:08:54,533 | INFO | Processing user 26/88: raw_kmt_user_0026.json
2026-05-08 16:08:54,656 | INFO | Rows from raw_kmt_user_0026.json: 395; fitting 4 models x 6 features
2026-05-08 16:08:54,697 | INFO | Processing user 27/88: raw_kmt_user_0027.json
2026-05-08 16:08:54,816 | INFO | Rows from raw_kmt_user_0027.json: 359; fitting 4 models x 6 features
2026-05-08 16:08:54,851 | INFO | Processing user 28/88: raw_kmt_user_0028.json
2026-05-08 16:08:54,971 | INFO | Rows from raw_kmt_user_0028.json: 386; fitting 4 models x 6 features
2026-05-08 16:08:55,011 | INFO | Processing user 29/88: raw_kmt_user_0029.json
2026-05-08 16:08:55,124 | INFO | Rows from raw_kmt_user_0029.json: 381; fitting 4 models x 6 features
2026-05-08 16:08:55,165 | INFO | Processing user 30/88: raw_kmt_user_0030.json
2026-05-08 16:08:55,310 | INFO | Rows from raw_kmt_user_0030.json: 503; fitting 4 models x 6 features
2026-05-08 16:08:55,349 | INFO | Processing user 31/88: raw_kmt_user_0031.json
2026-05-08 16:08:55,447 | INFO | Rows from raw_kmt_user_0031.json: 270; fitting 4 models x 6 features
2026-05-08 16:08:55,483 | INFO | Processing user 32/88: raw_kmt_user_0032.json
2026-05-08 16:08:55,594 | INFO | Rows from raw_kmt_user_0032.json: 346; fitting 4 models x 6 features
2026-05-08 16:08:55,631 | INFO | Processing user 33/88: raw_kmt_user_0033.json
2026-05-08 16:08:55,707 | INFO | Rows from raw_kmt_user_0033.json: 275; fitting 4 models x 6 features
2026-05-08 16:08:55,742 | INFO | Processing user 34/88: raw_kmt_user_0034.json
2026-05-08 16:08:55,816 | INFO | Rows from raw_kmt_user_0034.json: 310; fitting 4 models x 6 features
2026-05-08 16:08:55,858 | INFO | Processing user 35/88: raw_kmt_user_0035.json
2026-05-08 16:08:55,998 | INFO | Rows from raw_kmt_user_0035.json: 416; fitting 4 models x 6 features
2026-05-08 16:08:56,041 | INFO | Processing user 36/88: raw_kmt_user_0036.json
2026-05-08 16:08:56,190 | INFO | Rows from raw_kmt_user_0036.json: 491; fitting 4 models x 6 features
2026-05-08 16:08:56,229 | INFO | Processing user 37/88: raw_kmt_user_0037.json
2026-05-08 16:08:56,321 | INFO | Rows from raw_kmt_user_0037.json: 382; fitting 4 models x 6 features
2026-05-08 16:08:56,362 | INFO | Processing user 38/88: raw_kmt_user_0038.json
2026-05-08 16:08:56,485 | INFO | Rows from raw_kmt_user_0038.json: 377; fitting 4 models x 6 features
2026-05-08 16:08:56,526 | INFO | Processing user 39/88: raw_kmt_user_0039.json
2026-05-08 16:08:56,645 | INFO | Rows from raw_kmt_user_0039.json: 322; fitting 4 models x 6 features
2026-05-08 16:08:56,680 | INFO | Processing user 40/88: raw_kmt_user_0040.json
2026-05-08 16:08:56,821 | INFO | Rows from raw_kmt_user_0040.json: 395; fitting 4 models x 6 features
2026-05-08 16:08:56,861 | INFO | Processing user 41/88: raw_kmt_user_0041.json
2026-05-08 16:08:57,023 | INFO | Rows from raw_kmt_user_0041.json: 776; fitting 4 models x 6 features
2026-05-08 16:08:57,067 | INFO | Processing user 42/88: raw_kmt_user_0042.json
2026-05-08 16:08:57,164 | INFO | Rows from raw_kmt_user_0042.json: 279; fitting 4 models x 6 features
2026-05-08 16:08:57,203 | INFO | Processing user 43/88: raw_kmt_user_0043.json
2026-05-08 16:08:57,280 | INFO | Rows from raw_kmt_user_0043.json: 384; fitting 4 models x 6 features
2026-05-08 16:08:57,324 | INFO | Processing user 44/88: raw_kmt_user_0044.json
2026-05-08 16:08:57,431 | INFO | Rows from raw_kmt_user_0044.json: 333; fitting 4 models x 6 features
2026-05-08 16:08:57,465 | INFO | Processing user 45/88: raw_kmt_user_0045.json
2026-05-08 16:08:57,612 | INFO | Rows from raw_kmt_user_0045.json: 370; fitting 4 models x 6 features
2026-05-08 16:08:57,656 | INFO | Processing user 46/88: raw_kmt_user_0046.json
2026-05-08 16:08:57,793 | INFO | Rows from raw_kmt_user_0046.json: 466; fitting 4 models x 6 features
2026-05-08 16:08:57,835 | INFO | Processing user 47/88: raw_kmt_user_0047.json
2026-05-08 16:08:57,963 | INFO | Rows from raw_kmt_user_0047.json: 381; fitting 4 models x 6 features
2026-05-08 16:08:58,004 | INFO | Processing user 48/88: raw_kmt_user_0048.json
2026-05-08 16:08:58,263 | INFO | Rows from raw_kmt_user_0048.json: 708; fitting 4 models x 6 features
2026-05-08 16:08:58,306 | INFO | Processing user 49/88: raw_kmt_user_0049.json
2026-05-08 16:08:58,519 | INFO | Rows from raw_kmt_user_0049.json: 601; fitting 4 models x 6 features
2026-05-08 16:08:58,558 | INFO | Processing user 50/88: raw_kmt_user_0050.json
2026-05-08 16:08:58,715 | INFO | Rows from raw_kmt_user_0050.json: 515; fitting 4 models x 6 features
2026-05-08 16:08:58,752 | INFO | Processing user 51/88: raw_kmt_user_0051.json
2026-05-08 16:08:58,832 | INFO | Rows from raw_kmt_user_0051.json: 240; fitting 4 models x 6 features
2026-05-08 16:08:58,875 | INFO | Processing user 52/88: raw_kmt_user_0052.json
2026-05-08 16:08:58,966 | INFO | Rows from raw_kmt_user_0052.json: 392; fitting 4 models x 6 features
2026-05-08 16:08:59,001 | INFO | Processing user 53/88: raw_kmt_user_0053.json
2026-05-08 16:08:59,258 | INFO | Rows from raw_kmt_user_0053.json: 514; fitting 4 models x 6 features
2026-05-08 16:08:59,299 | INFO | Processing user 54/88: raw_kmt_user_0054.json
2026-05-08 16:08:59,405 | INFO | Rows from raw_kmt_user_0054.json: 362; fitting 4 models x 6 features
2026-05-08 16:08:59,443 | INFO | Processing user 55/88: raw_kmt_user_0055.json
2026-05-08 16:08:59,529 | INFO | Rows from raw_kmt_user_0055.json: 550; fitting 4 models x 6 features
2026-05-08 16:08:59,576 | INFO | Processing user 56/88: raw_kmt_user_0056.json
2026-05-08 16:08:59,690 | INFO | Rows from raw_kmt_user_0056.json: 691; fitting 4 models x 6 features
2026-05-08 16:08:59,729 | INFO | Processing user 57/88: raw_kmt_user_0057.json
2026-05-08 16:08:59,941 | INFO | Rows from raw_kmt_user_0057.json: 1298; fitting 4 models x 6 features
2026-05-08 16:08:59,987 | INFO | Processing user 58/88: raw_kmt_user_0058.json
2026-05-08 16:09:00,090 | INFO | Rows from raw_kmt_user_0058.json: 370; fitting 4 models x 6 features
2026-05-08 16:09:00,125 | INFO | Processing user 59/88: raw_kmt_user_0059.json
2026-05-08 16:09:00,322 | INFO | Rows from raw_kmt_user_0059.json: 811; fitting 4 models x 6 features
2026-05-08 16:09:00,363 | INFO | Processing user 60/88: raw_kmt_user_0060.json
2026-05-08 16:09:00,438 | INFO | Rows from raw_kmt_user_0060.json: 320; fitting 4 models x 6 features
2026-05-08 16:09:00,479 | INFO | Processing user 61/88: raw_kmt_user_0061.json
2026-05-08 16:09:00,682 | INFO | Rows from raw_kmt_user_0061.json: 580; fitting 4 models x 6 features
2026-05-08 16:09:00,721 | INFO | Processing user 62/88: raw_kmt_user_0062.json
2026-05-08 16:09:00,815 | INFO | Rows from raw_kmt_user_0062.json: 643; fitting 4 models x 6 features
2026-05-08 16:09:00,852 | INFO | Processing user 63/88: raw_kmt_user_0063.json
2026-05-08 16:09:00,948 | INFO | Rows from raw_kmt_user_0063.json: 1011; fitting 4 models x 6 features
2026-05-08 16:09:00,988 | INFO | Processing user 64/88: raw_kmt_user_0064.json
2026-05-08 16:09:01,075 | INFO | Rows from raw_kmt_user_0064.json: 608; fitting 4 models x 6 features
2026-05-08 16:09:01,114 | INFO | Processing user 65/88: raw_kmt_user_0065.json
2026-05-08 16:09:01,296 | INFO | Rows from raw_kmt_user_0065.json: 566; fitting 4 models x 6 features
2026-05-08 16:09:01,337 | INFO | Processing user 66/88: raw_kmt_user_0066.json
2026-05-08 16:09:01,822 | INFO | Rows from raw_kmt_user_0066.json: 1651; fitting 4 models x 6 features
2026-05-08 16:09:01,867 | INFO | Processing user 67/88: raw_kmt_user_0067.json
2026-05-08 16:09:02,028 | INFO | Rows from raw_kmt_user_0067.json: 566; fitting 4 models x 6 features
2026-05-08 16:09:02,064 | INFO | Processing user 68/88: raw_kmt_user_0068.json
2026-05-08 16:09:02,201 | INFO | Rows from raw_kmt_user_0068.json: 600; fitting 4 models x 6 features
2026-05-08 16:09:02,243 | INFO | Processing user 69/88: raw_kmt_user_0069.json
2026-05-08 16:09:02,356 | INFO | Rows from raw_kmt_user_0069.json: 313; fitting 4 models x 6 features
2026-05-08 16:09:02,393 | INFO | Processing user 70/88: raw_kmt_user_0070.json
2026-05-08 16:09:02,529 | INFO | Rows from raw_kmt_user_0070.json: 360; fitting 4 models x 6 features
2026-05-08 16:09:02,567 | INFO | Processing user 71/88: raw_kmt_user_0071.json
2026-05-08 16:09:02,751 | INFO | Rows from raw_kmt_user_0071.json: 349; fitting 4 models x 6 features
2026-05-08 16:09:02,788 | INFO | Processing user 72/88: raw_kmt_user_0072.json
2026-05-08 16:09:02,865 | INFO | Rows from raw_kmt_user_0072.json: 246; fitting 4 models x 6 features
2026-05-08 16:09:02,901 | INFO | Processing user 73/88: raw_kmt_user_0073.json
2026-05-08 16:09:03,027 | INFO | Rows from raw_kmt_user_0073.json: 295; fitting 4 models x 6 features
2026-05-08 16:09:03,064 | INFO | Processing user 74/88: raw_kmt_user_0074.json
2026-05-08 16:09:03,155 | INFO | Rows from raw_kmt_user_0074.json: 307; fitting 4 models x 6 features
2026-05-08 16:09:03,191 | INFO | Processing user 75/88: raw_kmt_user_0075.json
2026-05-08 16:09:03,320 | INFO | Rows from raw_kmt_user_0075.json: 302; fitting 4 models x 6 features
2026-05-08 16:09:03,355 | INFO | Processing user 76/88: raw_kmt_user_0076.json
2026-05-08 16:09:03,485 | INFO | Rows from raw_kmt_user_0076.json: 350; fitting 4 models x 6 features
2026-05-08 16:09:03,523 | INFO | Processing user 77/88: raw_kmt_user_0077.json
2026-05-08 16:09:03,721 | INFO | Rows from raw_kmt_user_0077.json: 780; fitting 4 models x 6 features
2026-05-08 16:09:03,761 | INFO | Processing user 78/88: raw_kmt_user_0078.json
2026-05-08 16:09:03,968 | INFO | Rows from raw_kmt_user_0078.json: 478; fitting 4 models x 6 features
2026-05-08 16:09:04,006 | INFO | Processing user 79/88: raw_kmt_user_0079.json
2026-05-08 16:09:04,198 | INFO | Rows from raw_kmt_user_0079.json: 374; fitting 4 models x 6 features
2026-05-08 16:09:04,242 | INFO | Processing user 80/88: raw_kmt_user_0080.json
2026-05-08 16:09:04,482 | INFO | Rows from raw_kmt_user_0080.json: 447; fitting 4 models x 6 features
2026-05-08 16:09:04,529 | INFO | Processing user 81/88: raw_kmt_user_0081.json
2026-05-08 16:09:04,793 | INFO | Rows from raw_kmt_user_0081.json: 862; fitting 4 models x 6 features
2026-05-08 16:09:04,835 | INFO | Processing user 82/88: raw_kmt_user_0082.json
2026-05-08 16:09:04,983 | INFO | Rows from raw_kmt_user_0082.json: 639; fitting 4 models x 6 features
2026-05-08 16:09:05,026 | INFO | Processing user 83/88: raw_kmt_user_0083.json
2026-05-08 16:09:05,169 | INFO | Rows from raw_kmt_user_0083.json: 603; fitting 4 models x 6 features
2026-05-08 16:09:05,213 | INFO | Processing user 84/88: raw_kmt_user_0084.json
2026-05-08 16:09:05,451 | INFO | Rows from raw_kmt_user_0084.json: 753; fitting 4 models x 6 features
2026-05-08 16:09:05,493 | INFO | Processing user 85/88: raw_kmt_user_0085.json
2026-05-08 16:09:05,642 | INFO | Rows from raw_kmt_user_0085.json: 740; fitting 4 models x 6 features
2026-05-08 16:09:05,681 | INFO | Processing user 86/88: raw_kmt_user_0086.json
2026-05-08 16:09:05,844 | INFO | Rows from raw_kmt_user_0086.json: 1063; fitting 4 models x 6 features
2026-05-08 16:09:05,888 | INFO | Processing user 87/88: raw_kmt_user_0087.json
2026-05-08 16:09:06,100 | INFO | Rows from raw_kmt_user_0087.json: 978; fitting 4 models x 6 features
2026-05-08 16:09:06,146 | INFO | Processing user 88/88: raw_kmt_user_0088.json
2026-05-08 16:09:06,279 | INFO | Rows from raw_kmt_user_0088.json: 574; fitting 4 models x 6 features
2026-05-08 16:09:06,677 | INFO | Saved merged feature rows: features_all_users_merged.csv (rows=43477, users_with_rows=88)
2026-05-08 16:09:06,696 | INFO | Saved per-user model fits: model_fit_per_user_all_models.csv (2112 rows)
2026-05-08 16:09:06,904 | INFO | Saved aggregated summary: model_fit_aggregated_summary.csv
2026-05-08 16:09:06,905 | INFO | Saved vote detail: model_fit_aggregated_vote_counts.csv
2026-05-08 16:09:06,905 | INFO | Saved weighted means by model: model_fit_aggregated_weighted_by_model.csv
2026-05-08 16:09:07,817 | INFO | Saved Pearson(mean-only): pearson_mean_features.csv
2026-05-08 16:09:07,818 | INFO | Saved Pearson(std-only): pearson_std_features.csv
2026-05-08 16:09:07,818 | INFO | Saved Pearson(mean heatmap): pearson_mean_features.png
2026-05-08 16:09:07,819 | INFO | Saved Pearson(std heatmap): pearson_std_features.png
2026-05-08 16:09:08,038 | INFO | Saved QQ plot: qqplots\dwell_mean__gaussian_qq.png
2026-05-08 16:09:08,247 | INFO | Saved QQ plot: qqplots\dwell_mean__log_normal_qq.png
2026-05-08 16:09:08,477 | INFO | Saved QQ plot: qqplots\dwell_mean__gamma_qq.png
2026-05-08 16:09:08,790 | INFO | Saved QQ plot: qqplots\dwell_mean__weibull_qq.png
2026-05-08 16:09:09,001 | INFO | Saved QQ plot: qqplots\dwell_std__gaussian_qq.png
2026-05-08 16:09:09,212 | INFO | Saved QQ plot: qqplots\dwell_std__log_normal_qq.png
2026-05-08 16:09:09,441 | INFO | Saved QQ plot: qqplots\dwell_std__gamma_qq.png
2026-05-08 16:09:09,757 | INFO | Saved QQ plot: qqplots\dwell_std__weibull_qq.png
2026-05-08 16:09:09,967 | INFO | Saved QQ plot: qqplots\flight_mean__gaussian_qq.png
2026-05-08 16:09:10,150 | INFO | Saved QQ plot: qqplots\flight_mean__log_normal_qq.png
2026-05-08 16:09:10,376 | INFO | Saved QQ plot: qqplots\flight_mean__gamma_qq.png
2026-05-08 16:09:10,636 | INFO | Saved QQ plot: qqplots\flight_mean__weibull_qq.png
2026-05-08 16:09:10,808 | INFO | Saved QQ plot: qqplots\flight_std__gaussian_qq.png
2026-05-08 16:09:11,005 | INFO | Saved QQ plot: qqplots\flight_std__log_normal_qq.png
2026-05-08 16:09:11,269 | INFO | Saved QQ plot: qqplots\flight_std__gamma_qq.png
2026-05-08 16:09:11,509 | INFO | Saved QQ plot: qqplots\flight_std__weibull_qq.png
2026-05-08 16:09:11,685 | INFO | Saved QQ plot: qqplots\velocity_mean__gaussian_qq.png
2026-05-08 16:09:11,851 | INFO | Saved QQ plot: qqplots\velocity_mean__log_normal_qq.png
2026-05-08 16:09:12,037 | INFO | Saved QQ plot: qqplots\velocity_mean__gamma_qq.png
2026-05-08 16:09:12,305 | INFO | Saved QQ plot: qqplots\velocity_mean__weibull_qq.png
2026-05-08 16:09:12,495 | INFO | Saved QQ plot: qqplots\velocity_std__gaussian_qq.png
2026-05-08 16:09:12,665 | INFO | Saved QQ plot: qqplots\velocity_std__log_normal_qq.png
2026-05-08 16:09:12,864 | INFO | Saved QQ plot: qqplots\velocity_std__gamma_qq.png
2026-05-08 16:09:13,097 | INFO | Saved QQ plot: qqplots\velocity_std__weibull_qq.png
2026-05-08 16:09:13,102 | INFO | Saved QQ plots to: qqplots
2026-05-08 16:09:13,102 | INFO | Saved QQ metrics: model_fit_qq_metrics.csv
2026-05-08 16:09:13,103 | INFO | Evaluation finished in 22.70 sec
2026-05-08 16:09:13,107 | INFO | Aggregated model choice (per-user fits combined):
      feature best_majority_vote_aic best_majority_vote_bic  n_users_with_votes best_weighted_mean_aic best_weighted_mean_bic best_sum_log_likelihood
   dwell_mean             Log-normal             Log-normal                  88             Log-normal             Log-normal              Log-normal
    dwell_std             Log-normal             Log-normal                  88                Weibull                Weibull                 Weibull
  flight_mean                  Gamma                  Gamma                  88                  Gamma                  Gamma                   Gamma
   flight_std                Weibull                Weibull                  88                Weibull                Weibull                 Weibull
velocity_mean                Weibull                Weibull                  88                Weibull                Weibull                 Weibull
 velocity_std               Gaussian               Gaussian                  88               Gaussian               Gaussian                Gaussian
2026-05-08 16:09:13,107 | INFO | Per-user fit rows: 2112
2026-05-08 16:09:13,107 | INFO | QQ metric rows: 24
2026-05-08 16:09:13,108 | INFO | Pearson(mean) shape: (3, 3)
2026-05-08 16:09:13,108 | INFO | Pearson(std) shape: (3, 3)
